<?xml version="1.0" encoding="UTF-8"?>
<graph xmlns="http://www.xces.org/ns/GrAF/1.0/">
    <graphHeader>
        <labelsDecl>
            <labelUsage label="sense" occurs="163"/>
        </labelsDecl>
        <dependencies>
            <dependsOn type="1468-6708-3-3-penn.xml"/>
        </dependencies>
        <annotationSpaces>
            <annotationSpace name="wn" type="http://wordnet.princeton.edu/"/>
        </annotationSpaces>
    </graphHeader>
    <node xml:id="wn-n0"/>
    <a xml:id="a0" label="sense" ref="wn-n0" as="wn">
        <fs>
            <f name="sense-key" value="recommend%2:32:01::"/>
            <f name="annotator" value="vebatchelder"/>
        </fs>
    </a>
    <node xml:id="wn-n1"/>
    <a xml:id="a1" label="sense" ref="wn-n1" as="wn">
        <fs>
            <f name="sense-key" value="recommend%2:32:01::"/>
            <f name="annotator" value="vebatchelder"/>
        </fs>
    </a>
    <node xml:id="wn-n10"/>
    <a xml:id="a10" label="sense" ref="wn-n10" as="wn">
        <fs>
            <f name="sense-key" value="recommend%2:32:01::"/>
            <f name="annotator" value="adelpriore"/>
        </fs>
    </a>
    <node xml:id="wn-n100"/>
    <a xml:id="a100" label="sense" ref="wn-n100" as="wn">
        <fs>
            <f name="sense-key" value="benefit%1:07:00::"/>
            <f name="annotator" value="vebatchelder"/>
        </fs>
    </a>
    <node xml:id="wn-n101"/>
    <a xml:id="a101" label="sense" ref="wn-n101" as="wn">
        <fs>
            <f name="sense-key" value="benefit%1:07:00::"/>
            <f name="annotator" value="vebatchelder"/>
        </fs>
    </a>
    <node xml:id="wn-n102"/>
    <a xml:id="a102" label="sense" ref="wn-n102" as="wn">
        <fs>
            <f name="sense-key" value="benefit%1:07:00::"/>
            <f name="annotator" value="vebatchelder"/>
        </fs>
    </a>
    <node xml:id="wn-n103"/>
    <a xml:id="a103" label="sense" ref="wn-n103" as="wn">
        <fs>
            <f name="sense-key" value="benefit%1:07:00::"/>
            <f name="annotator" value="vebatchelder"/>
        </fs>
    </a>
    <node xml:id="wn-n104"/>
    <a xml:id="a104" label="sense" ref="wn-n104" as="wn">
        <fs>
            <f name="sense-key" value="benefit%1:07:00::"/>
            <f name="annotator" value="vebatchelder"/>
        </fs>
    </a>
    <node xml:id="wn-n105"/>
    <a xml:id="a105" label="sense" ref="wn-n105" as="wn">
        <fs>
            <f name="sense-key" value="benefit%1:07:00::"/>
            <f name="annotator" value="vebatchelder"/>
        </fs>
    </a>
    <node xml:id="wn-n106"/>
    <a xml:id="a106" label="sense" ref="wn-n106" as="wn">
        <fs>
            <f name="sense-key" value="benefit%1:07:00::"/>
            <f name="annotator" value="anfahmy"/>
        </fs>
    </a>
    <node xml:id="wn-n107"/>
    <a xml:id="a107" label="sense" ref="wn-n107" as="wn">
        <fs>
            <f name="sense-key" value="benefit%1:07:00::"/>
            <f name="annotator" value="anfahmy"/>
        </fs>
    </a>
    <node xml:id="wn-n108"/>
    <a xml:id="a108" label="sense" ref="wn-n108" as="wn">
        <fs>
            <f name="sense-key" value="benefit%1:07:00::"/>
            <f name="annotator" value="anfahmy"/>
        </fs>
    </a>
    <node xml:id="wn-n109"/>
    <a xml:id="a109" label="sense" ref="wn-n109" as="wn">
        <fs>
            <f name="sense-key" value="benefit%1:07:00::"/>
            <f name="annotator" value="anfahmy"/>
        </fs>
    </a>
    <node xml:id="wn-n11"/>
    <a xml:id="a11" label="sense" ref="wn-n11" as="wn">
        <fs>
            <f name="sense-key" value="recommend%2:32:01::"/>
            <f name="annotator" value="adelpriore"/>
        </fs>
    </a>
    <node xml:id="wn-n110"/>
    <a xml:id="a110" label="sense" ref="wn-n110" as="wn">
        <fs>
            <f name="sense-key" value="benefit%1:07:00::"/>
            <f name="annotator" value="anfahmy"/>
        </fs>
    </a>
    <node xml:id="wn-n111"/>
    <a xml:id="a111" label="sense" ref="wn-n111" as="wn">
        <fs>
            <f name="sense-key" value="benefit%1:07:00::"/>
            <f name="annotator" value="anfahmy"/>
        </fs>
    </a>
    <node xml:id="wn-n112"/>
    <a xml:id="a112" label="sense" ref="wn-n112" as="wn">
        <fs>
            <f name="sense-key" value="benefit%1:07:00::"/>
            <f name="annotator" value="anfahmy"/>
        </fs>
    </a>
    <node xml:id="wn-n113"/>
    <a xml:id="a113" label="sense" ref="wn-n113" as="wn">
        <fs>
            <f name="sense-key" value="benefit%1:07:00::"/>
            <f name="annotator" value="anfahmy"/>
        </fs>
    </a>
    <node xml:id="wn-n114"/>
    <a xml:id="a114" label="sense" ref="wn-n114" as="wn">
        <fs>
            <f name="sense-key" value="benefit%1:07:00::"/>
            <f name="annotator" value="anfahmy"/>
        </fs>
    </a>
    <node xml:id="wn-n115"/>
    <a xml:id="a115" label="sense" ref="wn-n115" as="wn">
        <fs>
            <f name="sense-key" value="benefit%1:07:00::"/>
            <f name="annotator" value="anfahmy"/>
        </fs>
    </a>
    <node xml:id="wn-n116"/>
    <a xml:id="a116" label="sense" ref="wn-n116" as="wn">
        <fs>
            <f name="sense-key" value="benefit%1:07:00::"/>
            <f name="annotator" value="anfahmy"/>
        </fs>
    </a>
    <node xml:id="wn-n117"/>
    <a xml:id="a117" label="sense" ref="wn-n117" as="wn">
        <fs>
            <f name="sense-key" value="benefit%1:07:00::"/>
            <f name="annotator" value="anfahmy"/>
        </fs>
    </a>
    <node xml:id="wn-n118"/>
    <a xml:id="a118" label="sense" ref="wn-n118" as="wn">
        <fs>
            <f name="sense-key" value="benefit%1:07:00::"/>
            <f name="annotator" value="anfahmy"/>
        </fs>
    </a>
    <node xml:id="wn-n119"/>
    <a xml:id="a119" label="sense" ref="wn-n119" as="wn">
        <fs>
            <f name="sense-key" value="benefit%1:07:00::"/>
            <f name="annotator" value="anfahmy"/>
        </fs>
    </a>
    <node xml:id="wn-n12"/>
    <a xml:id="a12" label="sense" ref="wn-n12" as="wn">
        <fs>
            <f name="sense-key" value="rate%1:28:00::"/>
            <f name="annotator" value="sophiavv"/>
        </fs>
    </a>
    <node xml:id="wn-n120"/>
    <a xml:id="a120" label="sense" ref="wn-n120" as="wn">
        <fs>
            <f name="sense-key" value="benefit%1:07:00::"/>
            <f name="annotator" value="anfahmy"/>
        </fs>
    </a>
    <node xml:id="wn-n121"/>
    <a xml:id="a121" label="sense" ref="wn-n121" as="wn">
        <fs>
            <f name="sense-key" value="benefit%1:07:00::"/>
            <f name="annotator" value="anfahmy"/>
        </fs>
    </a>
    <node xml:id="wn-n122"/>
    <a xml:id="a122" label="sense" ref="wn-n122" as="wn">
        <fs>
            <f name="sense-key" value="benefit%1:07:00::"/>
            <f name="annotator" value="anfahmy"/>
        </fs>
    </a>
    <node xml:id="wn-n123"/>
    <a xml:id="a123" label="sense" ref="wn-n123" as="wn">
        <fs>
            <f name="sense-key" value="benefit%1:07:00::"/>
            <f name="annotator" value="anfahmy"/>
        </fs>
    </a>
    <node xml:id="wn-n124"/>
    <a xml:id="a124" label="sense" ref="wn-n124" as="wn">
        <fs>
            <f name="sense-key" value="benefit%1:07:00::"/>
            <f name="annotator" value="anfahmy"/>
        </fs>
    </a>
    <node xml:id="wn-n125"/>
    <a xml:id="a125" label="sense" ref="wn-n125" as="wn">
        <fs>
            <f name="sense-key" value="benefit%1:07:00::"/>
            <f name="annotator" value="anfahmy"/>
        </fs>
    </a>
    <node xml:id="wn-n126"/>
    <a xml:id="a126" label="sense" ref="wn-n126" as="wn">
        <fs>
            <f name="sense-key" value="benefit%1:07:00::"/>
            <f name="annotator" value="anfahmy"/>
        </fs>
    </a>
    <node xml:id="wn-n127"/>
    <a xml:id="a127" label="sense" ref="wn-n127" as="wn">
        <fs>
            <f name="sense-key" value="benefit%1:07:00::"/>
            <f name="annotator" value="anfahmy"/>
        </fs>
    </a>
    <node xml:id="wn-n128"/>
    <a xml:id="a128" label="sense" ref="wn-n128" as="wn">
        <fs>
            <f name="sense-key" value="benefit%1:07:00::"/>
            <f name="annotator" value="anfahmy"/>
        </fs>
    </a>
    <node xml:id="wn-n129"/>
    <a xml:id="a129" label="sense" ref="wn-n129" as="wn">
        <fs>
            <f name="sense-key" value="benefit%1:07:00::"/>
            <f name="annotator" value="anfahmy"/>
        </fs>
    </a>
    <node xml:id="wn-n13"/>
    <a xml:id="a13" label="sense" ref="wn-n13" as="wn">
        <fs>
            <f name="sense-key" value="number%1:07:00::"/>
            <f name="annotator" value="cgozo"/>
        </fs>
    </a>
    <node xml:id="wn-n130"/>
    <a xml:id="a130" label="sense" ref="wn-n130" as="wn">
        <fs>
            <f name="sense-key" value="benefit%1:07:00::"/>
            <f name="annotator" value="anfahmy"/>
        </fs>
    </a>
    <node xml:id="wn-n131"/>
    <a xml:id="a131" label="sense" ref="wn-n131" as="wn">
        <fs>
            <f name="sense-key" value="benefit%1:07:00::"/>
            <f name="annotator" value="adelpriore"/>
        </fs>
    </a>
    <node xml:id="wn-n132"/>
    <a xml:id="a132" label="sense" ref="wn-n132" as="wn">
        <fs>
            <f name="sense-key" value="benefit%1:07:00::"/>
            <f name="annotator" value="adelpriore"/>
        </fs>
    </a>
    <node xml:id="wn-n133"/>
    <a xml:id="a133" label="sense" ref="wn-n133" as="wn">
        <fs>
            <f name="sense-key" value="benefit%1:07:00::"/>
            <f name="annotator" value="adelpriore"/>
        </fs>
    </a>
    <node xml:id="wn-n134"/>
    <a xml:id="a134" label="sense" ref="wn-n134" as="wn">
        <fs>
            <f name="sense-key" value="benefit%1:07:00::"/>
            <f name="annotator" value="adelpriore"/>
        </fs>
    </a>
    <node xml:id="wn-n135"/>
    <a xml:id="a135" label="sense" ref="wn-n135" as="wn">
        <fs>
            <f name="sense-key" value="benefit%1:07:00::"/>
            <f name="annotator" value="adelpriore"/>
        </fs>
    </a>
    <node xml:id="wn-n136"/>
    <a xml:id="a136" label="sense" ref="wn-n136" as="wn">
        <fs>
            <f name="sense-key" value="benefit%1:07:00::"/>
            <f name="annotator" value="adelpriore"/>
        </fs>
    </a>
    <node xml:id="wn-n137"/>
    <a xml:id="a137" label="sense" ref="wn-n137" as="wn">
        <fs>
            <f name="sense-key" value="benefit%1:07:00::"/>
            <f name="annotator" value="adelpriore"/>
        </fs>
    </a>
    <node xml:id="wn-n138"/>
    <a xml:id="a138" label="sense" ref="wn-n138" as="wn">
        <fs>
            <f name="sense-key" value="benefit%1:07:00::"/>
            <f name="annotator" value="adelpriore"/>
        </fs>
    </a>
    <node xml:id="wn-n139"/>
    <a xml:id="a139" label="sense" ref="wn-n139" as="wn">
        <fs>
            <f name="sense-key" value="benefit%1:07:00::"/>
            <f name="annotator" value="adelpriore"/>
        </fs>
    </a>
    <node xml:id="wn-n14"/>
    <a xml:id="a14" label="sense" ref="wn-n14" as="wn">
        <fs>
            <f name="sense-key" value="null"/>
            <f name="annotator" value="vebatchelder"/>
        </fs>
    </a>
    <node xml:id="wn-n140"/>
    <a xml:id="a140" label="sense" ref="wn-n140" as="wn">
        <fs>
            <f name="sense-key" value="benefit%1:07:00::"/>
            <f name="annotator" value="adelpriore"/>
        </fs>
    </a>
    <node xml:id="wn-n141"/>
    <a xml:id="a141" label="sense" ref="wn-n141" as="wn">
        <fs>
            <f name="sense-key" value="benefit%1:07:00::"/>
            <f name="annotator" value="adelpriore"/>
        </fs>
    </a>
    <node xml:id="wn-n142"/>
    <a xml:id="a142" label="sense" ref="wn-n142" as="wn">
        <fs>
            <f name="sense-key" value="benefit%1:07:00::"/>
            <f name="annotator" value="adelpriore"/>
        </fs>
    </a>
    <node xml:id="wn-n143"/>
    <a xml:id="a143" label="sense" ref="wn-n143" as="wn">
        <fs>
            <f name="sense-key" value="benefit%1:07:00::"/>
            <f name="annotator" value="adelpriore"/>
        </fs>
    </a>
    <node xml:id="wn-n144"/>
    <a xml:id="a144" label="sense" ref="wn-n144" as="wn">
        <fs>
            <f name="sense-key" value="benefit%1:07:00::"/>
            <f name="annotator" value="adelpriore"/>
        </fs>
    </a>
    <node xml:id="wn-n145"/>
    <a xml:id="a145" label="sense" ref="wn-n145" as="wn">
        <fs>
            <f name="sense-key" value="benefit%1:07:00::"/>
            <f name="annotator" value="adelpriore"/>
        </fs>
    </a>
    <node xml:id="wn-n146"/>
    <a xml:id="a146" label="sense" ref="wn-n146" as="wn">
        <fs>
            <f name="sense-key" value="benefit%1:07:00::"/>
            <f name="annotator" value="adelpriore"/>
        </fs>
    </a>
    <node xml:id="wn-n147"/>
    <a xml:id="a147" label="sense" ref="wn-n147" as="wn">
        <fs>
            <f name="sense-key" value="benefit%1:07:00::"/>
            <f name="annotator" value="adelpriore"/>
        </fs>
    </a>
    <node xml:id="wn-n148"/>
    <a xml:id="a148" label="sense" ref="wn-n148" as="wn">
        <fs>
            <f name="sense-key" value="benefit%1:07:00::"/>
            <f name="annotator" value="adelpriore"/>
        </fs>
    </a>
    <node xml:id="wn-n149"/>
    <a xml:id="a149" label="sense" ref="wn-n149" as="wn">
        <fs>
            <f name="sense-key" value="benefit%1:07:00::"/>
            <f name="annotator" value="adelpriore"/>
        </fs>
    </a>
    <node xml:id="wn-n15"/>
    <a xml:id="a15" label="sense" ref="wn-n15" as="wn">
        <fs>
            <f name="sense-key" value="level%1:07:00::"/>
            <f name="annotator" value="veweser"/>
        </fs>
    </a>
    <node xml:id="wn-n150"/>
    <a xml:id="a150" label="sense" ref="wn-n150" as="wn">
        <fs>
            <f name="sense-key" value="benefit%1:07:00::"/>
            <f name="annotator" value="adelpriore"/>
        </fs>
    </a>
    <node xml:id="wn-n151"/>
    <a xml:id="a151" label="sense" ref="wn-n151" as="wn">
        <fs>
            <f name="sense-key" value="benefit%1:07:00::"/>
            <f name="annotator" value="adelpriore"/>
        </fs>
    </a>
    <node xml:id="wn-n152"/>
    <a xml:id="a152" label="sense" ref="wn-n152" as="wn">
        <fs>
            <f name="sense-key" value="benefit%1:07:00::"/>
            <f name="annotator" value="adelpriore"/>
        </fs>
    </a>
    <node xml:id="wn-n153"/>
    <a xml:id="a153" label="sense" ref="wn-n153" as="wn">
        <fs>
            <f name="sense-key" value="benefit%1:07:00::"/>
            <f name="annotator" value="adelpriore"/>
        </fs>
    </a>
    <node xml:id="wn-n154"/>
    <a xml:id="a154" label="sense" ref="wn-n154" as="wn">
        <fs>
            <f name="sense-key" value="benefit%1:07:00::"/>
            <f name="annotator" value="adelpriore"/>
        </fs>
    </a>
    <node xml:id="wn-n155"/>
    <a xml:id="a155" label="sense" ref="wn-n155" as="wn">
        <fs>
            <f name="sense-key" value="appear%2:39:00::"/>
            <f name="annotator" value="veweser"/>
        </fs>
    </a>
    <node xml:id="wn-n156"/>
    <a xml:id="a156" label="sense" ref="wn-n156" as="wn">
        <fs>
            <f name="sense-key" value="appear%2:39:00::"/>
            <f name="annotator" value="veweser"/>
        </fs>
    </a>
    <node xml:id="wn-n157"/>
    <a xml:id="a157" label="sense" ref="wn-n157" as="wn">
        <fs>
            <f name="sense-key" value="appear%2:39:01::"/>
            <f name="annotator" value="cgozo"/>
        </fs>
    </a>
    <node xml:id="wn-n158"/>
    <a xml:id="a158" label="sense" ref="wn-n158" as="wn">
        <fs>
            <f name="sense-key" value="appear%2:39:01::"/>
            <f name="annotator" value="cgozo"/>
        </fs>
    </a>
    <node xml:id="wn-n159"/>
    <a xml:id="a159" label="sense" ref="wn-n159" as="wn">
        <fs>
            <f name="sense-key" value="appear%2:39:00::"/>
            <f name="annotator" value="brubin"/>
        </fs>
    </a>
    <node xml:id="wn-n16"/>
    <a xml:id="a16" label="sense" ref="wn-n16" as="wn">
        <fs>
            <f name="sense-key" value="level%1:07:00::"/>
            <f name="annotator" value="veweser"/>
        </fs>
    </a>
    <node xml:id="wn-n160"/>
    <a xml:id="a160" label="sense" ref="wn-n160" as="wn">
        <fs>
            <f name="sense-key" value="appear%2:39:00::"/>
            <f name="annotator" value="brubin"/>
        </fs>
    </a>
    <node xml:id="wn-n161"/>
    <a xml:id="a161" label="sense" ref="wn-n161" as="wn">
        <fs>
            <f name="sense-key" value="appear%2:39:00::"/>
            <f name="annotator" value="anfahmy"/>
        </fs>
    </a>
    <node xml:id="wn-n162"/>
    <a xml:id="a162" label="sense" ref="wn-n162" as="wn">
        <fs>
            <f name="sense-key" value="appear%2:39:00::"/>
            <f name="annotator" value="anfahmy"/>
        </fs>
    </a>
    <node xml:id="wn-n17"/>
    <a xml:id="a17" label="sense" ref="wn-n17" as="wn">
        <fs>
            <f name="sense-key" value="level%1:07:00::"/>
            <f name="annotator" value="veweser"/>
        </fs>
    </a>
    <node xml:id="wn-n18"/>
    <a xml:id="a18" label="sense" ref="wn-n18" as="wn">
        <fs>
            <f name="sense-key" value="level%1:07:00::"/>
            <f name="annotator" value="veweser"/>
        </fs>
    </a>
    <node xml:id="wn-n19"/>
    <a xml:id="a19" label="sense" ref="wn-n19" as="wn">
        <fs>
            <f name="sense-key" value="level%1:07:00::"/>
            <f name="annotator" value="veweser"/>
        </fs>
    </a>
    <node xml:id="wn-n2"/>
    <a xml:id="a2" label="sense" ref="wn-n2" as="wn">
        <fs>
            <f name="sense-key" value="recommend%2:32:01::"/>
            <f name="annotator" value="vebatchelder"/>
        </fs>
    </a>
    <node xml:id="wn-n20"/>
    <a xml:id="a20" label="sense" ref="wn-n20" as="wn">
        <fs>
            <f name="sense-key" value="level%1:07:00::"/>
            <f name="annotator" value="veweser"/>
        </fs>
    </a>
    <node xml:id="wn-n21"/>
    <a xml:id="a21" label="sense" ref="wn-n21" as="wn">
        <fs>
            <f name="sense-key" value="level%1:07:00::"/>
            <f name="annotator" value="veweser"/>
        </fs>
    </a>
    <node xml:id="wn-n22"/>
    <a xml:id="a22" label="sense" ref="wn-n22" as="wn">
        <fs>
            <f name="sense-key" value="level%1:07:00::"/>
            <f name="annotator" value="veweser"/>
        </fs>
    </a>
    <node xml:id="wn-n23"/>
    <a xml:id="a23" label="sense" ref="wn-n23" as="wn">
        <fs>
            <f name="sense-key" value="level%1:07:00::"/>
            <f name="annotator" value="cgozo"/>
        </fs>
    </a>
    <node xml:id="wn-n24"/>
    <a xml:id="a24" label="sense" ref="wn-n24" as="wn">
        <fs>
            <f name="sense-key" value="level%1:07:00::"/>
            <f name="annotator" value="cgozo"/>
        </fs>
    </a>
    <node xml:id="wn-n25"/>
    <a xml:id="a25" label="sense" ref="wn-n25" as="wn">
        <fs>
            <f name="sense-key" value="level%1:07:00::"/>
            <f name="annotator" value="cgozo"/>
        </fs>
    </a>
    <node xml:id="wn-n26"/>
    <a xml:id="a26" label="sense" ref="wn-n26" as="wn">
        <fs>
            <f name="sense-key" value="level%1:07:00::"/>
            <f name="annotator" value="cgozo"/>
        </fs>
    </a>
    <node xml:id="wn-n27"/>
    <a xml:id="a27" label="sense" ref="wn-n27" as="wn">
        <fs>
            <f name="sense-key" value="level%1:07:00::"/>
            <f name="annotator" value="cgozo"/>
        </fs>
    </a>
    <node xml:id="wn-n28"/>
    <a xml:id="a28" label="sense" ref="wn-n28" as="wn">
        <fs>
            <f name="sense-key" value="level%1:07:00::"/>
            <f name="annotator" value="cgozo"/>
        </fs>
    </a>
    <node xml:id="wn-n29"/>
    <a xml:id="a29" label="sense" ref="wn-n29" as="wn">
        <fs>
            <f name="sense-key" value="level%1:07:00::"/>
            <f name="annotator" value="cgozo"/>
        </fs>
    </a>
    <node xml:id="wn-n3"/>
    <a xml:id="a3" label="sense" ref="wn-n3" as="wn">
        <fs>
            <f name="sense-key" value="recommend%2:32:01::"/>
            <f name="annotator" value="anfahmy"/>
        </fs>
    </a>
    <node xml:id="wn-n30"/>
    <a xml:id="a30" label="sense" ref="wn-n30" as="wn">
        <fs>
            <f name="sense-key" value="level%1:26:01::"/>
            <f name="annotator" value="brubin"/>
        </fs>
    </a>
    <node xml:id="wn-n31"/>
    <a xml:id="a31" label="sense" ref="wn-n31" as="wn">
        <fs>
            <f name="sense-key" value="level%1:26:01::"/>
            <f name="annotator" value="brubin"/>
        </fs>
    </a>
    <node xml:id="wn-n32"/>
    <a xml:id="a32" label="sense" ref="wn-n32" as="wn">
        <fs>
            <f name="sense-key" value="level%1:26:01::"/>
            <f name="annotator" value="brubin"/>
        </fs>
    </a>
    <node xml:id="wn-n33"/>
    <a xml:id="a33" label="sense" ref="wn-n33" as="wn">
        <fs>
            <f name="sense-key" value="level%1:26:01::"/>
            <f name="annotator" value="brubin"/>
        </fs>
    </a>
    <node xml:id="wn-n34"/>
    <a xml:id="a34" label="sense" ref="wn-n34" as="wn">
        <fs>
            <f name="sense-key" value="level%1:26:01::"/>
            <f name="annotator" value="brubin"/>
        </fs>
    </a>
    <node xml:id="wn-n35"/>
    <a xml:id="a35" label="sense" ref="wn-n35" as="wn">
        <fs>
            <f name="sense-key" value="level%1:26:01::"/>
            <f name="annotator" value="brubin"/>
        </fs>
    </a>
    <node xml:id="wn-n36"/>
    <a xml:id="a36" label="sense" ref="wn-n36" as="wn">
        <fs>
            <f name="sense-key" value="level%1:26:01::"/>
            <f name="annotator" value="brubin"/>
        </fs>
    </a>
    <node xml:id="wn-n37"/>
    <a xml:id="a37" label="sense" ref="wn-n37" as="wn">
        <fs>
            <f name="sense-key" value="level%1:07:00::"/>
            <f name="annotator" value="anfahmy"/>
        </fs>
    </a>
    <node xml:id="wn-n38"/>
    <a xml:id="a38" label="sense" ref="wn-n38" as="wn">
        <fs>
            <f name="sense-key" value="level%1:07:00::"/>
            <f name="annotator" value="anfahmy"/>
        </fs>
    </a>
    <node xml:id="wn-n39"/>
    <a xml:id="a39" label="sense" ref="wn-n39" as="wn">
        <fs>
            <f name="sense-key" value="level%1:07:00::"/>
            <f name="annotator" value="anfahmy"/>
        </fs>
    </a>
    <node xml:id="wn-n4"/>
    <a xml:id="a4" label="sense" ref="wn-n4" as="wn">
        <fs>
            <f name="sense-key" value="recommend%2:32:01::"/>
            <f name="annotator" value="anfahmy"/>
        </fs>
    </a>
    <node xml:id="wn-n40"/>
    <a xml:id="a40" label="sense" ref="wn-n40" as="wn">
        <fs>
            <f name="sense-key" value="level%1:07:00::"/>
            <f name="annotator" value="anfahmy"/>
        </fs>
    </a>
    <node xml:id="wn-n41"/>
    <a xml:id="a41" label="sense" ref="wn-n41" as="wn">
        <fs>
            <f name="sense-key" value="level%1:07:00::"/>
            <f name="annotator" value="anfahmy"/>
        </fs>
    </a>
    <node xml:id="wn-n42"/>
    <a xml:id="a42" label="sense" ref="wn-n42" as="wn">
        <fs>
            <f name="sense-key" value="level%1:07:00::"/>
            <f name="annotator" value="anfahmy"/>
        </fs>
    </a>
    <node xml:id="wn-n43"/>
    <a xml:id="a43" label="sense" ref="wn-n43" as="wn">
        <fs>
            <f name="sense-key" value="level%1:07:00::"/>
            <f name="annotator" value="anfahmy"/>
        </fs>
    </a>
    <node xml:id="wn-n44"/>
    <a xml:id="a44" label="sense" ref="wn-n44" as="wn">
        <fs>
            <f name="sense-key" value="late%5:00:00:unpunctual:00"/>
            <f name="annotator" value="veweser"/>
        </fs>
    </a>
    <node xml:id="wn-n45"/>
    <a xml:id="a45" label="sense" ref="wn-n45" as="wn">
        <fs>
            <f name="sense-key" value="late%3:00:00::"/>
            <f name="annotator" value="veweser"/>
        </fs>
    </a>
    <node xml:id="wn-n46"/>
    <a xml:id="a46" label="sense" ref="wn-n46" as="wn">
        <fs>
            <f name="sense-key" value="late%3:00:00::"/>
            <f name="annotator" value="cgozo"/>
        </fs>
    </a>
    <node xml:id="wn-n47"/>
    <a xml:id="a47" label="sense" ref="wn-n47" as="wn">
        <fs>
            <f name="sense-key" value="late%3:00:02::"/>
            <f name="annotator" value="brubin"/>
        </fs>
    </a>
    <node xml:id="wn-n48"/>
    <a xml:id="a48" label="sense" ref="wn-n48" as="wn">
        <fs>
            <f name="sense-key" value="null"/>
            <f name="annotator" value="anfahmy"/>
        </fs>
    </a>
    <node xml:id="wn-n49"/>
    <a xml:id="a49" label="sense" ref="wn-n49" as="wn">
        <fs>
            <f name="sense-key" value="high%3:00:02::"/>
            <f name="annotator" value="veweser"/>
        </fs>
    </a>
    <node xml:id="wn-n5"/>
    <a xml:id="a5" label="sense" ref="wn-n5" as="wn">
        <fs>
            <f name="sense-key" value="null"/>
            <f name="annotator" value="anfahmy"/>
        </fs>
    </a>
    <node xml:id="wn-n50"/>
    <a xml:id="a50" label="sense" ref="wn-n50" as="wn">
        <fs>
            <f name="sense-key" value="high%3:00:02::"/>
            <f name="annotator" value="veweser"/>
        </fs>
    </a>
    <node xml:id="wn-n51"/>
    <a xml:id="a51" label="sense" ref="wn-n51" as="wn">
        <fs>
            <f name="sense-key" value="high%3:00:02::"/>
            <f name="annotator" value="veweser"/>
        </fs>
    </a>
    <node xml:id="wn-n52"/>
    <a xml:id="a52" label="sense" ref="wn-n52" as="wn">
        <fs>
            <f name="sense-key" value="high%3:00:02::"/>
            <f name="annotator" value="veweser"/>
        </fs>
    </a>
    <node xml:id="wn-n53"/>
    <a xml:id="a53" label="sense" ref="wn-n53" as="wn">
        <fs>
            <f name="sense-key" value="high%3:00:02::"/>
            <f name="annotator" value="veweser"/>
        </fs>
    </a>
    <node xml:id="wn-n54"/>
    <a xml:id="a54" label="sense" ref="wn-n54" as="wn">
        <fs>
            <f name="sense-key" value="high%3:00:02::"/>
            <f name="annotator" value="veweser"/>
        </fs>
    </a>
    <node xml:id="wn-n55"/>
    <a xml:id="a55" label="sense" ref="wn-n55" as="wn">
        <fs>
            <f name="sense-key" value="high%3:00:02::"/>
            <f name="annotator" value="cgozo"/>
        </fs>
    </a>
    <node xml:id="wn-n56"/>
    <a xml:id="a56" label="sense" ref="wn-n56" as="wn">
        <fs>
            <f name="sense-key" value="high%3:00:02::"/>
            <f name="annotator" value="cgozo"/>
        </fs>
    </a>
    <node xml:id="wn-n57"/>
    <a xml:id="a57" label="sense" ref="wn-n57" as="wn">
        <fs>
            <f name="sense-key" value="high%3:00:02::"/>
            <f name="annotator" value="cgozo"/>
        </fs>
    </a>
    <node xml:id="wn-n58"/>
    <a xml:id="a58" label="sense" ref="wn-n58" as="wn">
        <fs>
            <f name="sense-key" value="high%3:00:02::"/>
            <f name="annotator" value="cgozo"/>
        </fs>
    </a>
    <node xml:id="wn-n59"/>
    <a xml:id="a59" label="sense" ref="wn-n59" as="wn">
        <fs>
            <f name="sense-key" value="high%3:00:02::"/>
            <f name="annotator" value="cgozo"/>
        </fs>
    </a>
    <node xml:id="wn-n6"/>
    <a xml:id="a6" label="sense" ref="wn-n6" as="wn">
        <fs>
            <f name="sense-key" value="recommend%2:32:01::"/>
            <f name="annotator" value="anfahmy"/>
        </fs>
    </a>
    <node xml:id="wn-n60"/>
    <a xml:id="a60" label="sense" ref="wn-n60" as="wn">
        <fs>
            <f name="sense-key" value="high%3:00:02::"/>
            <f name="annotator" value="cgozo"/>
        </fs>
    </a>
    <node xml:id="wn-n61"/>
    <a xml:id="a61" label="sense" ref="wn-n61" as="wn">
        <fs>
            <f name="sense-key" value="high%3:00:02::"/>
            <f name="annotator" value="brubin"/>
        </fs>
    </a>
    <node xml:id="wn-n62"/>
    <a xml:id="a62" label="sense" ref="wn-n62" as="wn">
        <fs>
            <f name="sense-key" value="high%3:00:02::"/>
            <f name="annotator" value="brubin"/>
        </fs>
    </a>
    <node xml:id="wn-n63"/>
    <a xml:id="a63" label="sense" ref="wn-n63" as="wn">
        <fs>
            <f name="sense-key" value="high%3:00:02::"/>
            <f name="annotator" value="brubin"/>
        </fs>
    </a>
    <node xml:id="wn-n64"/>
    <a xml:id="a64" label="sense" ref="wn-n64" as="wn">
        <fs>
            <f name="sense-key" value="high%3:00:02::"/>
            <f name="annotator" value="brubin"/>
        </fs>
    </a>
    <node xml:id="wn-n65"/>
    <a xml:id="a65" label="sense" ref="wn-n65" as="wn">
        <fs>
            <f name="sense-key" value="high%3:00:02::"/>
            <f name="annotator" value="brubin"/>
        </fs>
    </a>
    <node xml:id="wn-n66"/>
    <a xml:id="a66" label="sense" ref="wn-n66" as="wn">
        <fs>
            <f name="sense-key" value="high%3:00:02::"/>
            <f name="annotator" value="brubin"/>
        </fs>
    </a>
    <node xml:id="wn-n67"/>
    <a xml:id="a67" label="sense" ref="wn-n67" as="wn">
        <fs>
            <f name="sense-key" value="high%3:00:02::"/>
            <f name="annotator" value="anfahmy"/>
        </fs>
    </a>
    <node xml:id="wn-n68"/>
    <a xml:id="a68" label="sense" ref="wn-n68" as="wn">
        <fs>
            <f name="sense-key" value="high%3:00:02::"/>
            <f name="annotator" value="anfahmy"/>
        </fs>
    </a>
    <node xml:id="wn-n69"/>
    <a xml:id="a69" label="sense" ref="wn-n69" as="wn">
        <fs>
            <f name="sense-key" value="high%3:00:02::"/>
            <f name="annotator" value="anfahmy"/>
        </fs>
    </a>
    <node xml:id="wn-n7"/>
    <a xml:id="a7" label="sense" ref="wn-n7" as="wn">
        <fs>
            <f name="sense-key" value="recommend%2:32:01::"/>
            <f name="annotator" value="anfahmy"/>
        </fs>
    </a>
    <node xml:id="wn-n70"/>
    <a xml:id="a70" label="sense" ref="wn-n70" as="wn">
        <fs>
            <f name="sense-key" value="high%3:00:02::"/>
            <f name="annotator" value="anfahmy"/>
        </fs>
    </a>
    <node xml:id="wn-n71"/>
    <a xml:id="a71" label="sense" ref="wn-n71" as="wn">
        <fs>
            <f name="sense-key" value="high%3:00:02::"/>
            <f name="annotator" value="anfahmy"/>
        </fs>
    </a>
    <node xml:id="wn-n72"/>
    <a xml:id="a72" label="sense" ref="wn-n72" as="wn">
        <fs>
            <f name="sense-key" value="high%3:00:02::"/>
            <f name="annotator" value="anfahmy"/>
        </fs>
    </a>
    <node xml:id="wn-n73"/>
    <a xml:id="a73" label="sense" ref="wn-n73" as="wn">
        <fs>
            <f name="sense-key" value="find%2:32:00::"/>
            <f name="annotator" value="veweser"/>
        </fs>
    </a>
    <node xml:id="wn-n74"/>
    <a xml:id="a74" label="sense" ref="wn-n74" as="wn">
        <fs>
            <f name="sense-key" value="null"/>
            <f name="annotator" value="carichter"/>
        </fs>
    </a>
    <node xml:id="wn-n75"/>
    <a xml:id="a75" label="sense" ref="wn-n75" as="wn">
        <fs>
            <f name="sense-key" value="null"/>
            <f name="annotator" value="ksuderman"/>
        </fs>
    </a>
    <node xml:id="wn-n76"/>
    <a xml:id="a76" label="sense" ref="wn-n76" as="wn">
        <fs>
            <f name="sense-key" value="development%1:22:01::"/>
            <f name="annotator" value="anfahmy"/>
        </fs>
    </a>
    <node xml:id="wn-n77"/>
    <a xml:id="a77" label="sense" ref="wn-n77" as="wn">
        <fs>
            <f name="sense-key" value="date%1:28:02::"/>
            <f name="annotator" value="vebatchelder"/>
        </fs>
    </a>
    <node xml:id="wn-n78"/>
    <a xml:id="a78" label="sense" ref="wn-n78" as="wn">
        <fs>
            <f name="sense-key" value="combination%1:14:00::"/>
            <f name="annotator" value="vebatchelder"/>
        </fs>
    </a>
    <node xml:id="wn-n79"/>
    <a xml:id="a79" label="sense" ref="wn-n79" as="wn">
        <fs>
            <f name="sense-key" value="combination%1:14:00::"/>
            <f name="annotator" value="vebatchelder"/>
        </fs>
    </a>
    <node xml:id="wn-n8"/>
    <a xml:id="a8" label="sense" ref="wn-n8" as="wn">
        <fs>
            <f name="sense-key" value="recommend%2:32:01::"/>
            <f name="annotator" value="adelpriore"/>
        </fs>
    </a>
    <node xml:id="wn-n80"/>
    <a xml:id="a80" label="sense" ref="wn-n80" as="wn">
        <fs>
            <f name="sense-key" value="combination%1:14:00::"/>
            <f name="annotator" value="anfahmy"/>
        </fs>
    </a>
    <node xml:id="wn-n81"/>
    <a xml:id="a81" label="sense" ref="wn-n81" as="wn">
        <fs>
            <f name="sense-key" value="combination%1:14:00::"/>
            <f name="annotator" value="anfahmy"/>
        </fs>
    </a>
    <node xml:id="wn-n82"/>
    <a xml:id="a82" label="sense" ref="wn-n82" as="wn">
        <fs>
            <f name="sense-key" value="null"/>
            <f name="annotator" value="adelpriore"/>
        </fs>
    </a>
    <node xml:id="wn-n83"/>
    <a xml:id="a83" label="sense" ref="wn-n83" as="wn">
        <fs>
            <f name="sense-key" value="null"/>
            <f name="annotator" value="adelpriore"/>
        </fs>
    </a>
    <node xml:id="wn-n84"/>
    <a xml:id="a84" label="sense" ref="wn-n84" as="wn">
        <fs>
            <f name="sense-key" value="board%1:14:00::"/>
            <f name="annotator" value="veweser"/>
        </fs>
    </a>
    <node xml:id="wn-n85"/>
    <a xml:id="a85" label="sense" ref="wn-n85" as="wn">
        <fs>
            <f name="sense-key" value="board%1:14:00::"/>
            <f name="annotator" value="veweser"/>
        </fs>
    </a>
    <node xml:id="wn-n86"/>
    <a xml:id="a86" label="sense" ref="wn-n86" as="wn">
        <fs>
            <f name="sense-key" value="board%1:14:00::"/>
            <f name="annotator" value="cgozo"/>
        </fs>
    </a>
    <node xml:id="wn-n87"/>
    <a xml:id="a87" label="sense" ref="wn-n87" as="wn">
        <fs>
            <f name="sense-key" value="board%1:14:00::"/>
            <f name="annotator" value="cgozo"/>
        </fs>
    </a>
    <node xml:id="wn-n88"/>
    <a xml:id="a88" label="sense" ref="wn-n88" as="wn">
        <fs>
            <f name="sense-key" value="board%1:14:00::"/>
            <f name="annotator" value="brubin"/>
        </fs>
    </a>
    <node xml:id="wn-n89"/>
    <a xml:id="a89" label="sense" ref="wn-n89" as="wn">
        <fs>
            <f name="sense-key" value="board%1:14:00::"/>
            <f name="annotator" value="brubin"/>
        </fs>
    </a>
    <node xml:id="wn-n9"/>
    <a xml:id="a9" label="sense" ref="wn-n9" as="wn">
        <fs>
            <f name="sense-key" value="recommend%2:32:01::"/>
            <f name="annotator" value="adelpriore"/>
        </fs>
    </a>
    <node xml:id="wn-n90"/>
    <a xml:id="a90" label="sense" ref="wn-n90" as="wn">
        <fs>
            <f name="sense-key" value="board%1:14:00::"/>
            <f name="annotator" value="brubin"/>
        </fs>
    </a>
    <node xml:id="wn-n91"/>
    <a xml:id="a91" label="sense" ref="wn-n91" as="wn">
        <fs>
            <f name="sense-key" value="null"/>
            <f name="annotator" value="bpassonneau"/>
        </fs>
    </a>
    <node xml:id="wn-n92"/>
    <a xml:id="a92" label="sense" ref="wn-n92" as="wn">
        <fs>
            <f name="sense-key" value="board%1:14:00::"/>
            <f name="annotator" value="anfahmy"/>
        </fs>
    </a>
    <node xml:id="wn-n93"/>
    <a xml:id="a93" label="sense" ref="wn-n93" as="wn">
        <fs>
            <f name="sense-key" value="board%1:14:00::"/>
            <f name="annotator" value="anfahmy"/>
        </fs>
    </a>
    <node xml:id="wn-n94"/>
    <a xml:id="a94" label="sense" ref="wn-n94" as="wn">
        <fs>
            <f name="sense-key" value="benefit%1:07:00::"/>
            <f name="annotator" value="vebatchelder"/>
        </fs>
    </a>
    <node xml:id="wn-n95"/>
    <a xml:id="a95" label="sense" ref="wn-n95" as="wn">
        <fs>
            <f name="sense-key" value="benefit%1:07:00::"/>
            <f name="annotator" value="vebatchelder"/>
        </fs>
    </a>
    <node xml:id="wn-n96"/>
    <a xml:id="a96" label="sense" ref="wn-n96" as="wn">
        <fs>
            <f name="sense-key" value="benefit%1:07:00::"/>
            <f name="annotator" value="vebatchelder"/>
        </fs>
    </a>
    <node xml:id="wn-n97"/>
    <a xml:id="a97" label="sense" ref="wn-n97" as="wn">
        <fs>
            <f name="sense-key" value="benefit%1:07:00::"/>
            <f name="annotator" value="vebatchelder"/>
        </fs>
    </a>
    <node xml:id="wn-n98"/>
    <a xml:id="a98" label="sense" ref="wn-n98" as="wn">
        <fs>
            <f name="sense-key" value="benefit%1:07:00::"/>
            <f name="annotator" value="vebatchelder"/>
        </fs>
    </a>
    <node xml:id="wn-n99"/>
    <a xml:id="a99" label="sense" ref="wn-n99" as="wn">
        <fs>
            <f name="sense-key" value="benefit%1:07:00::"/>
            <f name="annotator" value="vebatchelder"/>
        </fs>
    </a>
    <edge xml:id="e92" from="wn-n92" to="penn-n2375"/>
    <edge xml:id="e93" from="wn-n93" to="penn-n2375"/>
    <edge xml:id="e159" from="wn-n159" to="penn-n1486"/>
    <edge xml:id="e149" from="wn-n149" to="penn-n1267"/>
    <edge xml:id="e90" from="wn-n90" to="penn-n2375"/>
    <edge xml:id="e148" from="wn-n148" to="penn-n1653"/>
    <edge xml:id="e91" from="wn-n91" to="penn-n2375"/>
    <edge xml:id="e150" from="wn-n150" to="penn-n1066"/>
    <edge xml:id="e154" from="wn-n154" to="penn-n136"/>
    <edge xml:id="e142" from="wn-n142" to="penn-n2361"/>
    <edge xml:id="e153" from="wn-n153" to="penn-n697"/>
    <edge xml:id="e143" from="wn-n143" to="penn-n2334"/>
    <edge xml:id="e89" from="wn-n89" to="penn-n2375"/>
    <edge xml:id="e152" from="wn-n152" to="penn-n720"/>
    <edge xml:id="e140" from="wn-n140" to="penn-n136"/>
    <edge xml:id="e88" from="wn-n88" to="penn-n2375"/>
    <edge xml:id="e151" from="wn-n151" to="penn-n732"/>
    <edge xml:id="e141" from="wn-n141" to="penn-n1653"/>
    <edge xml:id="e87" from="wn-n87" to="penn-n2375"/>
    <edge xml:id="e158" from="wn-n158" to="penn-n1767"/>
    <edge xml:id="e146" from="wn-n146" to="penn-n1932"/>
    <edge xml:id="e86" from="wn-n86" to="penn-n2375"/>
    <edge xml:id="e157" from="wn-n157" to="penn-n1486"/>
    <edge xml:id="e147" from="wn-n147" to="penn-n1865"/>
    <edge xml:id="e85" from="wn-n85" to="penn-n2375"/>
    <edge xml:id="e156" from="wn-n156" to="penn-n1767"/>
    <edge xml:id="e144" from="wn-n144" to="penn-n2130"/>
    <edge xml:id="e84" from="wn-n84" to="penn-n2375"/>
    <edge xml:id="e155" from="wn-n155" to="penn-n1486"/>
    <edge xml:id="e145" from="wn-n145" to="penn-n2117"/>
    <edge xml:id="e83" from="wn-n83" to="penn-n2336"/>
    <edge xml:id="e138" from="wn-n138" to="penn-n720"/>
    <edge xml:id="e137" from="wn-n137" to="penn-n1066"/>
    <edge xml:id="e80" from="wn-n80" to="penn-n2336"/>
    <edge xml:id="e81" from="wn-n81" to="penn-n2336"/>
    <edge xml:id="e139" from="wn-n139" to="penn-n136"/>
    <edge xml:id="e82" from="wn-n82" to="penn-n2336"/>
    <edge xml:id="e161" from="wn-n161" to="penn-n1486"/>
    <edge xml:id="e160" from="wn-n160" to="penn-n1767"/>
    <edge xml:id="e77" from="wn-n77" to="penn-n1902"/>
    <edge xml:id="e162" from="wn-n162" to="penn-n1767"/>
    <edge xml:id="e130" from="wn-n130" to="penn-n136"/>
    <edge xml:id="e76" from="wn-n76" to="penn-n1352"/>
    <edge xml:id="e131" from="wn-n131" to="penn-n2361"/>
    <edge xml:id="e79" from="wn-n79" to="penn-n2336"/>
    <edge xml:id="e132" from="wn-n132" to="penn-n2334"/>
    <edge xml:id="e78" from="wn-n78" to="penn-n2336"/>
    <edge xml:id="e133" from="wn-n133" to="penn-n2130"/>
    <edge xml:id="e73" from="wn-n73" to="penn-n53"/>
    <edge xml:id="e134" from="wn-n134" to="penn-n1865"/>
    <edge xml:id="e72" from="wn-n72" to="penn-n1498"/>
    <edge xml:id="e135" from="wn-n135" to="penn-n1653"/>
    <edge xml:id="e75" from="wn-n75" to="penn-n1352"/>
    <edge xml:id="e136" from="wn-n136" to="penn-n1267"/>
    <edge xml:id="e74" from="wn-n74" to="penn-n1301"/>
    <edge xml:id="e19" from="wn-n19" to="penn-n247"/>
    <edge xml:id="e18" from="wn-n18" to="penn-n1544"/>
    <edge xml:id="e129" from="wn-n129" to="penn-n697"/>
    <edge xml:id="e17" from="wn-n17" to="penn-n1570"/>
    <edge xml:id="e128" from="wn-n128" to="penn-n720"/>
    <edge xml:id="e16" from="wn-n16" to="penn-n549"/>
    <edge xml:id="e127" from="wn-n127" to="penn-n732"/>
    <edge xml:id="e15" from="wn-n15" to="penn-n331"/>
    <edge xml:id="e126" from="wn-n126" to="penn-n1066"/>
    <edge xml:id="e14" from="wn-n14" to="penn-n918"/>
    <edge xml:id="e13" from="wn-n13" to="penn-n1160"/>
    <edge xml:id="e12" from="wn-n12" to="penn-n1467"/>
    <edge xml:id="e11" from="wn-n11" to="penn-n1503"/>
    <edge xml:id="e10" from="wn-n10" to="penn-n1833"/>
    <edge xml:id="e124" from="wn-n124" to="penn-n1653"/>
    <edge xml:id="e125" from="wn-n125" to="penn-n1267"/>
    <edge xml:id="e122" from="wn-n122" to="penn-n1932"/>
    <edge xml:id="e123" from="wn-n123" to="penn-n1865"/>
    <edge xml:id="e120" from="wn-n120" to="penn-n2130"/>
    <edge xml:id="e121" from="wn-n121" to="penn-n2117"/>
    <edge xml:id="e119" from="wn-n119" to="penn-n2334"/>
    <edge xml:id="e29" from="wn-n29" to="penn-n331"/>
    <edge xml:id="e116" from="wn-n116" to="penn-n1865"/>
    <edge xml:id="e26" from="wn-n26" to="penn-n247"/>
    <edge xml:id="e115" from="wn-n115" to="penn-n1066"/>
    <edge xml:id="e25" from="wn-n25" to="penn-n1544"/>
    <edge xml:id="e118" from="wn-n118" to="penn-n2361"/>
    <edge xml:id="e28" from="wn-n28" to="penn-n366"/>
    <edge xml:id="e117" from="wn-n117" to="penn-n1932"/>
    <edge xml:id="e27" from="wn-n27" to="penn-n1872"/>
    <edge xml:id="e22" from="wn-n22" to="penn-n331"/>
    <edge xml:id="e21" from="wn-n21" to="penn-n366"/>
    <edge xml:id="e24" from="wn-n24" to="penn-n1570"/>
    <edge xml:id="e23" from="wn-n23" to="penn-n1787"/>
    <edge xml:id="e20" from="wn-n20" to="penn-n1872"/>
    <edge xml:id="e111" from="wn-n111" to="penn-n1267"/>
    <edge xml:id="e95" from="wn-n95" to="penn-n2334"/>
    <edge xml:id="e112" from="wn-n112" to="penn-n1066"/>
    <edge xml:id="e94" from="wn-n94" to="penn-n2361"/>
    <edge xml:id="e113" from="wn-n113" to="penn-n720"/>
    <edge xml:id="e97" from="wn-n97" to="penn-n1865"/>
    <edge xml:id="e114" from="wn-n114" to="penn-n136"/>
    <edge xml:id="e96" from="wn-n96" to="penn-n2130"/>
    <edge xml:id="e99" from="wn-n99" to="penn-n1267"/>
    <edge xml:id="e98" from="wn-n98" to="penn-n1653"/>
    <edge xml:id="e110" from="wn-n110" to="penn-n1653"/>
    <edge xml:id="e30" from="wn-n30" to="penn-n549"/>
    <edge xml:id="e31" from="wn-n31" to="penn-n1570"/>
    <edge xml:id="e34" from="wn-n34" to="penn-n1872"/>
    <edge xml:id="e35" from="wn-n35" to="penn-n366"/>
    <edge xml:id="e32" from="wn-n32" to="penn-n1544"/>
    <edge xml:id="e33" from="wn-n33" to="penn-n247"/>
    <edge xml:id="e106" from="wn-n106" to="penn-n2361"/>
    <edge xml:id="e38" from="wn-n38" to="penn-n1570"/>
    <edge xml:id="e107" from="wn-n107" to="penn-n2334"/>
    <edge xml:id="e39" from="wn-n39" to="penn-n1544"/>
    <edge xml:id="e104" from="wn-n104" to="penn-n732"/>
    <edge xml:id="e36" from="wn-n36" to="penn-n331"/>
    <edge xml:id="e105" from="wn-n105" to="penn-n2117"/>
    <edge xml:id="e37" from="wn-n37" to="penn-n1631"/>
    <edge xml:id="e108" from="wn-n108" to="penn-n2130"/>
    <edge xml:id="e109" from="wn-n109" to="penn-n1865"/>
    <edge xml:id="e103" from="wn-n103" to="penn-n2334"/>
    <edge xml:id="e102" from="wn-n102" to="penn-n136"/>
    <edge xml:id="e101" from="wn-n101" to="penn-n720"/>
    <edge xml:id="e100" from="wn-n100" to="penn-n1066"/>
    <edge xml:id="e40" from="wn-n40" to="penn-n247"/>
    <edge xml:id="e41" from="wn-n41" to="penn-n1872"/>
    <edge xml:id="e42" from="wn-n42" to="penn-n366"/>
    <edge xml:id="e43" from="wn-n43" to="penn-n331"/>
    <edge xml:id="e44" from="wn-n44" to="penn-n1149"/>
    <edge xml:id="e45" from="wn-n45" to="penn-n1149"/>
    <edge xml:id="e46" from="wn-n46" to="penn-n1149"/>
    <edge xml:id="e47" from="wn-n47" to="penn-n1149"/>
    <edge xml:id="e48" from="wn-n48" to="penn-n1149"/>
    <edge xml:id="e49" from="wn-n49" to="penn-n2422"/>
    <edge xml:id="e9" from="wn-n9" to="penn-n1503"/>
    <edge xml:id="e8" from="wn-n8" to="penn-n1833"/>
    <edge xml:id="e7" from="wn-n7" to="penn-n1503"/>
    <edge xml:id="e6" from="wn-n6" to="penn-n1833"/>
    <edge xml:id="e5" from="wn-n5" to="penn-n1833"/>
    <edge xml:id="e3" from="wn-n3" to="penn-n1833"/>
    <edge xml:id="e4" from="wn-n4" to="penn-n1503"/>
    <edge xml:id="e1" from="wn-n1" to="penn-n1503"/>
    <edge xml:id="e2" from="wn-n2" to="penn-n1503"/>
    <edge xml:id="e0" from="wn-n0" to="penn-n1833"/>
    <edge xml:id="e56" from="wn-n56" to="penn-n555"/>
    <edge xml:id="e57" from="wn-n57" to="penn-n555"/>
    <edge xml:id="e54" from="wn-n54" to="penn-n1498"/>
    <edge xml:id="e55" from="wn-n55" to="penn-n2422"/>
    <edge xml:id="e52" from="wn-n52" to="penn-n2422"/>
    <edge xml:id="e53" from="wn-n53" to="penn-n1442"/>
    <edge xml:id="e50" from="wn-n50" to="penn-n555"/>
    <edge xml:id="e51" from="wn-n51" to="penn-n555"/>
    <edge xml:id="e58" from="wn-n58" to="penn-n2422"/>
    <edge xml:id="e59" from="wn-n59" to="penn-n1442"/>
    <edge xml:id="e60" from="wn-n60" to="penn-n1498"/>
    <edge xml:id="e65" from="wn-n65" to="penn-n1442"/>
    <edge xml:id="e66" from="wn-n66" to="penn-n1498"/>
    <edge xml:id="e67" from="wn-n67" to="penn-n2422"/>
    <edge xml:id="e68" from="wn-n68" to="penn-n555"/>
    <edge xml:id="e61" from="wn-n61" to="penn-n2422"/>
    <edge xml:id="e62" from="wn-n62" to="penn-n555"/>
    <edge xml:id="e63" from="wn-n63" to="penn-n555"/>
    <edge xml:id="e64" from="wn-n64" to="penn-n2422"/>
    <edge xml:id="e69" from="wn-n69" to="penn-n555"/>
    <edge xml:id="e71" from="wn-n71" to="penn-n1442"/>
    <edge xml:id="e70" from="wn-n70" to="penn-n2422"/>
</graph>
