<?xml version="1.0" encoding="UTF-8"?>
<graph xmlns="http://www.xces.org/ns/GrAF/1.0/">
    <graphHeader>
        <labelsDecl>
            <labelUsage label="sense" occurs="4"/>
        </labelsDecl>
        <dependencies>
            <dependsOn type="Article247_3345-penn.xml"/>
        </dependencies>
        <annotationSpaces>
            <annotationSpace name="wn" type="http://wordnet.princeton.edu/"/>
        </annotationSpaces>
    </graphHeader>
    <node xml:id="wn-n0"/>
    <a xml:id="a0" label="sense" ref="wn-n0" as="wn">
        <fs>
            <f name="sense-key" value="workplace%1:06:00::"/>
            <f name="annotator" value="kaolla"/>
        </fs>
    </a>
    <node xml:id="wn-n1"/>
    <a xml:id="a1" label="sense" ref="wn-n1" as="wn">
        <fs>
            <f name="sense-key" value="workplace%1:06:00::"/>
            <f name="annotator" value="carichter"/>
        </fs>
    </a>
    <node xml:id="wn-n2"/>
    <a xml:id="a2" label="sense" ref="wn-n2" as="wn">
        <fs>
            <f name="sense-key" value="rate%1:21:00::"/>
            <f name="annotator" value="cgozo"/>
        </fs>
    </a>
    <node xml:id="wn-n3"/>
    <a xml:id="a3" label="sense" ref="wn-n3" as="wn">
        <fs>
            <f name="sense-key" value="rate%1:21:00::"/>
            <f name="annotator" value="brubin"/>
        </fs>
    </a>
    <edge xml:id="e3" from="wn-n3" to="penn-n358"/>
    <edge xml:id="e1" from="wn-n1" to="penn-n310"/>
    <edge xml:id="e2" from="wn-n2" to="penn-n358"/>
    <edge xml:id="e0" from="wn-n0" to="penn-n310"/>
</graph>
