<?xml version="1.0" encoding="UTF-8"?>
<graph xmlns="http://www.xces.org/ns/GrAF/1.0/">
    <graphHeader>
        <labelsDecl>
            <labelUsage label="sense" occurs="8"/>
        </labelsDecl>
        <dependencies>
            <dependsOn type="IFAW1-penn.xml"/>
        </dependencies>
        <annotationSpaces>
            <annotationSpace name="wn" type="http://wordnet.princeton.edu/"/>
        </annotationSpaces>
    </graphHeader>
    <node xml:id="wn-n0"/>
    <a xml:id="a0" label="sense" ref="wn-n0" as="wn">
        <fs>
            <f name="sense-key" value="write%2:32:08::"/>
            <f name="annotator" value="sophiavv"/>
        </fs>
    </a>
    <node xml:id="wn-n1"/>
    <a xml:id="a1" label="sense" ref="wn-n1" as="wn">
        <fs>
            <f name="sense-key" value="write%2:32:08::"/>
            <f name="annotator" value="sophiavv"/>
        </fs>
    </a>
    <node xml:id="wn-n2"/>
    <a xml:id="a2" label="sense" ref="wn-n2" as="wn">
        <fs>
            <f name="sense-key" value="write%2:32:08::"/>
            <f name="annotator" value="sophiavv"/>
        </fs>
    </a>
    <node xml:id="wn-n3"/>
    <a xml:id="a3" label="sense" ref="wn-n3" as="wn">
        <fs>
            <f name="sense-key" value="success%1:11:00::"/>
            <f name="annotator" value="sophiavv"/>
        </fs>
    </a>
    <node xml:id="wn-n4"/>
    <a xml:id="a4" label="sense" ref="wn-n4" as="wn">
        <fs>
            <f name="sense-key" value="sight%1:09:01::"/>
            <f name="annotator" value="anfahmy"/>
        </fs>
    </a>
    <node xml:id="wn-n5"/>
    <a xml:id="a5" label="sense" ref="wn-n5" as="wn">
        <fs>
            <f name="sense-key" value="power%1:07:00::"/>
            <f name="annotator" value="sophiavv"/>
        </fs>
    </a>
    <node xml:id="wn-n6"/>
    <a xml:id="a6" label="sense" ref="wn-n6" as="wn">
        <fs>
            <f name="sense-key" value="people%1:14:00::"/>
            <f name="annotator" value="sophiavv"/>
        </fs>
    </a>
    <node xml:id="wn-n7"/>
    <a xml:id="a7" label="sense" ref="wn-n7" as="wn">
        <fs>
            <f name="sense-key" value="people%1:14:00::"/>
            <f name="annotator" value="sophiavv"/>
        </fs>
    </a>
    <edge xml:id="e3" from="wn-n3" to="penn-n720"/>
    <edge xml:id="e4" from="wn-n4" to="penn-n136"/>
    <edge xml:id="e1" from="wn-n1" to="penn-n63"/>
    <edge xml:id="e2" from="wn-n2" to="penn-n22"/>
    <edge xml:id="e0" from="wn-n0" to="penn-n885"/>
    <edge xml:id="e7" from="wn-n7" to="penn-n684"/>
    <edge xml:id="e6" from="wn-n6" to="penn-n692"/>
    <edge xml:id="e5" from="wn-n5" to="penn-n615"/>
</graph>
