<?xml version="1.0" encoding="UTF-8"?>
<graph xmlns="http://www.xces.org/ns/GrAF/1.0/">
    <graphHeader>
        <labelsDecl>
            <labelUsage label="sense" occurs="65"/>
        </labelsDecl>
        <dependencies>
            <dependsOn type="jokes5-penn.xml"/>
        </dependencies>
        <annotationSpaces>
            <annotationSpace name="wn" type="http://wordnet.princeton.edu/"/>
        </annotationSpaces>
    </graphHeader>
    <node xml:id="wn-n0"/>
    <a xml:id="a0" label="sense" ref="wn-n0" as="wn">
        <fs>
            <f name="sense-key" value="write%2:32:00::"/>
            <f name="annotator" value="sophiavv"/>
        </fs>
    </a>
    <node xml:id="wn-n1"/>
    <a xml:id="a1" label="sense" ref="wn-n1" as="wn">
        <fs>
            <f name="sense-key" value="wait%2:42:01::"/>
            <f name="annotator" value="veweser"/>
        </fs>
    </a>
    <node xml:id="wn-n10"/>
    <a xml:id="a10" label="sense" ref="wn-n10" as="wn">
        <fs>
            <f name="sense-key" value="use%2:34:01::"/>
            <f name="annotator" value="anfahmy"/>
        </fs>
    </a>
    <node xml:id="wn-n11"/>
    <a xml:id="a11" label="sense" ref="wn-n11" as="wn">
        <fs>
            <f name="sense-key" value="use%2:34:01::"/>
            <f name="annotator" value="anfahmy"/>
        </fs>
    </a>
    <node xml:id="wn-n12"/>
    <a xml:id="a12" label="sense" ref="wn-n12" as="wn">
        <fs>
            <f name="sense-key" value="use%2:34:01::"/>
            <f name="annotator" value="anfahmy"/>
        </fs>
    </a>
    <node xml:id="wn-n13"/>
    <a xml:id="a13" label="sense" ref="wn-n13" as="wn">
        <fs>
            <f name="sense-key" value="try%2:41:00::"/>
            <f name="annotator" value="vebatchelder"/>
        </fs>
    </a>
    <node xml:id="wn-n14"/>
    <a xml:id="a14" label="sense" ref="wn-n14" as="wn">
        <fs>
            <f name="sense-key" value="try%2:41:00::"/>
            <f name="annotator" value="vebatchelder"/>
        </fs>
    </a>
    <node xml:id="wn-n15"/>
    <a xml:id="a15" label="sense" ref="wn-n15" as="wn">
        <fs>
            <f name="sense-key" value="try%2:41:00::"/>
            <f name="annotator" value="vebatchelder"/>
        </fs>
    </a>
    <node xml:id="wn-n16"/>
    <a xml:id="a16" label="sense" ref="wn-n16" as="wn">
        <fs>
            <f name="sense-key" value="true%3:00:00::"/>
            <f name="annotator" value="vebatchelder"/>
        </fs>
    </a>
    <node xml:id="wn-n17"/>
    <a xml:id="a17" label="sense" ref="wn-n17" as="wn">
        <fs>
            <f name="sense-key" value="true%3:00:00::"/>
            <f name="annotator" value="anfahmy"/>
        </fs>
    </a>
    <node xml:id="wn-n18"/>
    <a xml:id="a18" label="sense" ref="wn-n18" as="wn">
        <fs>
            <f name="sense-key" value="true%3:00:00::"/>
            <f name="annotator" value="anfahmy"/>
        </fs>
    </a>
    <node xml:id="wn-n19"/>
    <a xml:id="a19" label="sense" ref="wn-n19" as="wn">
        <fs>
            <f name="sense-key" value="true%3:00:00::"/>
            <f name="annotator" value="adelpriore"/>
        </fs>
    </a>
    <node xml:id="wn-n2"/>
    <a xml:id="a2" label="sense" ref="wn-n2" as="wn">
        <fs>
            <f name="sense-key" value="wait%2:42:01::"/>
            <f name="annotator" value="veweser"/>
        </fs>
    </a>
    <node xml:id="wn-n20"/>
    <a xml:id="a20" label="sense" ref="wn-n20" as="wn">
        <fs>
            <f name="sense-key" value="true%3:00:00::"/>
            <f name="annotator" value="adelpriore"/>
        </fs>
    </a>
    <node xml:id="wn-n21"/>
    <a xml:id="a21" label="sense" ref="wn-n21" as="wn">
        <fs>
            <f name="sense-key" value="success%1:26:00::"/>
            <f name="annotator" value="sophiavv"/>
        </fs>
    </a>
    <node xml:id="wn-n22"/>
    <a xml:id="a22" label="sense" ref="wn-n22" as="wn">
        <fs>
            <f name="sense-key" value="succeed%2:41:00::"/>
            <f name="annotator" value="sophiavv"/>
        </fs>
    </a>
    <node xml:id="wn-n23"/>
    <a xml:id="a23" label="sense" ref="wn-n23" as="wn">
        <fs>
            <f name="sense-key" value="succeed%2:41:00::"/>
            <f name="annotator" value="sophiavv"/>
        </fs>
    </a>
    <node xml:id="wn-n24"/>
    <a xml:id="a24" label="sense" ref="wn-n24" as="wn">
        <fs>
            <f name="sense-key" value="smart%5:00:00:forward:02"/>
            <f name="annotator" value="sophiavv"/>
        </fs>
    </a>
    <node xml:id="wn-n25"/>
    <a xml:id="a25" label="sense" ref="wn-n25" as="wn">
        <fs>
            <f name="sense-key" value="power%1:19:01::"/>
            <f name="annotator" value="sophiavv"/>
        </fs>
    </a>
    <node xml:id="wn-n26"/>
    <a xml:id="a26" label="sense" ref="wn-n26" as="wn">
        <fs>
            <f name="sense-key" value="particular%5:00:02:specific:00"/>
            <f name="annotator" value="veweser"/>
        </fs>
    </a>
    <node xml:id="wn-n27"/>
    <a xml:id="a27" label="sense" ref="wn-n27" as="wn">
        <fs>
            <f name="sense-key" value="particular%5:00:02:specific:00"/>
            <f name="annotator" value="veweser"/>
        </fs>
    </a>
    <node xml:id="wn-n28"/>
    <a xml:id="a28" label="sense" ref="wn-n28" as="wn">
        <fs>
            <f name="sense-key" value="particular%5:00:02:specific:00"/>
            <f name="annotator" value="cgozo"/>
        </fs>
    </a>
    <node xml:id="wn-n29"/>
    <a xml:id="a29" label="sense" ref="wn-n29" as="wn">
        <fs>
            <f name="sense-key" value="particular%5:00:02:specific:00"/>
            <f name="annotator" value="cgozo"/>
        </fs>
    </a>
    <node xml:id="wn-n3"/>
    <a xml:id="a3" label="sense" ref="wn-n3" as="wn">
        <fs>
            <f name="sense-key" value="wait%2:42:01::"/>
            <f name="annotator" value="cgozo"/>
        </fs>
    </a>
    <node xml:id="wn-n30"/>
    <a xml:id="a30" label="sense" ref="wn-n30" as="wn">
        <fs>
            <f name="sense-key" value="particular%5:00:02:specific:00"/>
            <f name="annotator" value="brubin"/>
        </fs>
    </a>
    <node xml:id="wn-n31"/>
    <a xml:id="a31" label="sense" ref="wn-n31" as="wn">
        <fs>
            <f name="sense-key" value="particular%5:00:00:specific:00"/>
            <f name="annotator" value="brubin"/>
        </fs>
    </a>
    <node xml:id="wn-n32"/>
    <a xml:id="a32" label="sense" ref="wn-n32" as="wn">
        <fs>
            <f name="sense-key" value="particular%5:00:02:specific:00"/>
            <f name="annotator" value="anfahmy"/>
        </fs>
    </a>
    <node xml:id="wn-n33"/>
    <a xml:id="a33" label="sense" ref="wn-n33" as="wn">
        <fs>
            <f name="sense-key" value="particular%5:00:02:specific:00"/>
            <f name="annotator" value="anfahmy"/>
        </fs>
    </a>
    <node xml:id="wn-n34"/>
    <a xml:id="a34" label="sense" ref="wn-n34" as="wn">
        <fs>
            <f name="sense-key" value="officer%1:18:04::"/>
            <f name="annotator" value="sophiavv"/>
        </fs>
    </a>
    <node xml:id="wn-n35"/>
    <a xml:id="a35" label="sense" ref="wn-n35" as="wn">
        <fs>
            <f name="sense-key" value="kill%2:35:00::"/>
            <f name="annotator" value="veweser"/>
        </fs>
    </a>
    <node xml:id="wn-n36"/>
    <a xml:id="a36" label="sense" ref="wn-n36" as="wn">
        <fs>
            <f name="sense-key" value="kill%2:35:00::"/>
            <f name="annotator" value="veweser"/>
        </fs>
    </a>
    <node xml:id="wn-n37"/>
    <a xml:id="a37" label="sense" ref="wn-n37" as="wn">
        <fs>
            <f name="sense-key" value="kill%2:35:00::"/>
            <f name="annotator" value="cgozo"/>
        </fs>
    </a>
    <node xml:id="wn-n38"/>
    <a xml:id="a38" label="sense" ref="wn-n38" as="wn">
        <fs>
            <f name="sense-key" value="kill%2:35:00::"/>
            <f name="annotator" value="cgozo"/>
        </fs>
    </a>
    <node xml:id="wn-n39"/>
    <a xml:id="a39" label="sense" ref="wn-n39" as="wn">
        <fs>
            <f name="sense-key" value="kill%2:35:00::"/>
            <f name="annotator" value="brubin"/>
        </fs>
    </a>
    <node xml:id="wn-n4"/>
    <a xml:id="a4" label="sense" ref="wn-n4" as="wn">
        <fs>
            <f name="sense-key" value="wait%2:42:01::"/>
            <f name="annotator" value="cgozo"/>
        </fs>
    </a>
    <node xml:id="wn-n40"/>
    <a xml:id="a40" label="sense" ref="wn-n40" as="wn">
        <fs>
            <f name="sense-key" value="kill%2:35:00::"/>
            <f name="annotator" value="brubin"/>
        </fs>
    </a>
    <node xml:id="wn-n41"/>
    <a xml:id="a41" label="sense" ref="wn-n41" as="wn">
        <fs>
            <f name="sense-key" value="null"/>
            <f name="annotator" value="anfahmy"/>
        </fs>
    </a>
    <node xml:id="wn-n42"/>
    <a xml:id="a42" label="sense" ref="wn-n42" as="wn">
        <fs>
            <f name="sense-key" value="kill%2:35:00::"/>
            <f name="annotator" value="anfahmy"/>
        </fs>
    </a>
    <node xml:id="wn-n43"/>
    <a xml:id="a43" label="sense" ref="wn-n43" as="wn">
        <fs>
            <f name="sense-key" value="hit%2:33:03::"/>
            <f name="annotator" value="veweser"/>
        </fs>
    </a>
    <node xml:id="wn-n44"/>
    <a xml:id="a44" label="sense" ref="wn-n44" as="wn">
        <fs>
            <f name="sense-key" value="hit%2:38:02::"/>
            <f name="annotator" value="cgozo"/>
        </fs>
    </a>
    <node xml:id="wn-n45"/>
    <a xml:id="a45" label="sense" ref="wn-n45" as="wn">
        <fs>
            <f name="sense-key" value="hit%2:35:02::"/>
            <f name="annotator" value="brubin"/>
        </fs>
    </a>
    <node xml:id="wn-n46"/>
    <a xml:id="a46" label="sense" ref="wn-n46" as="wn">
        <fs>
            <f name="sense-key" value="null"/>
            <f name="annotator" value="anfahmy"/>
        </fs>
    </a>
    <node xml:id="wn-n47"/>
    <a xml:id="a47" label="sense" ref="wn-n47" as="wn">
        <fs>
            <f name="sense-key" value="help%2:41:00::"/>
            <f name="annotator" value="veweser"/>
        </fs>
    </a>
    <node xml:id="wn-n48"/>
    <a xml:id="a48" label="sense" ref="wn-n48" as="wn">
        <fs>
            <f name="sense-key" value="help%2:41:00::"/>
            <f name="annotator" value="veweser"/>
        </fs>
    </a>
    <node xml:id="wn-n49"/>
    <a xml:id="a49" label="sense" ref="wn-n49" as="wn">
        <fs>
            <f name="sense-key" value="help%2:42:00::"/>
            <f name="annotator" value="cgozo"/>
        </fs>
    </a>
    <node xml:id="wn-n5"/>
    <a xml:id="a5" label="sense" ref="wn-n5" as="wn">
        <fs>
            <f name="sense-key" value="wait%2:42:01::"/>
            <f name="annotator" value="brubin"/>
        </fs>
    </a>
    <node xml:id="wn-n50"/>
    <a xml:id="a50" label="sense" ref="wn-n50" as="wn">
        <fs>
            <f name="sense-key" value="help%2:41:00::"/>
            <f name="annotator" value="brubin"/>
        </fs>
    </a>
    <node xml:id="wn-n51"/>
    <a xml:id="a51" label="sense" ref="wn-n51" as="wn">
        <fs>
            <f name="sense-key" value="help%2:41:00::"/>
            <f name="annotator" value="brubin"/>
        </fs>
    </a>
    <node xml:id="wn-n52"/>
    <a xml:id="a52" label="sense" ref="wn-n52" as="wn">
        <fs>
            <f name="sense-key" value="help%2:42:00::"/>
            <f name="annotator" value="anfahmy"/>
        </fs>
    </a>
    <node xml:id="wn-n53"/>
    <a xml:id="a53" label="sense" ref="wn-n53" as="wn">
        <fs>
            <f name="sense-key" value="function%1:04:00::"/>
            <f name="annotator" value="vebatchelder"/>
        </fs>
    </a>
    <node xml:id="wn-n54"/>
    <a xml:id="a54" label="sense" ref="wn-n54" as="wn">
        <fs>
            <f name="sense-key" value="function%1:04:00::"/>
            <f name="annotator" value="anfahmy"/>
        </fs>
    </a>
    <node xml:id="wn-n55"/>
    <a xml:id="a55" label="sense" ref="wn-n55" as="wn">
        <fs>
            <f name="sense-key" value="function%1:04:00::"/>
            <f name="annotator" value="anfahmy"/>
        </fs>
    </a>
    <node xml:id="wn-n56"/>
    <a xml:id="a56" label="sense" ref="wn-n56" as="wn">
        <fs>
            <f name="sense-key" value="function%1:04:00::"/>
            <f name="annotator" value="adelpriore"/>
        </fs>
    </a>
    <node xml:id="wn-n57"/>
    <a xml:id="a57" label="sense" ref="wn-n57" as="wn">
        <fs>
            <f name="sense-key" value="function%1:04:00::"/>
            <f name="annotator" value="adelpriore"/>
        </fs>
    </a>
    <node xml:id="wn-n58"/>
    <a xml:id="a58" label="sense" ref="wn-n58" as="wn">
        <fs>
            <f name="sense-key" value="full%5:00:00:high:02"/>
            <f name="annotator" value="veweser"/>
        </fs>
    </a>
    <node xml:id="wn-n59"/>
    <a xml:id="a59" label="sense" ref="wn-n59" as="wn">
        <fs>
            <f name="sense-key" value="full%5:00:00:complete:00"/>
            <f name="annotator" value="cgozo"/>
        </fs>
    </a>
    <node xml:id="wn-n6"/>
    <a xml:id="a6" label="sense" ref="wn-n6" as="wn">
        <fs>
            <f name="sense-key" value="wait%2:42:00::"/>
            <f name="annotator" value="brubin"/>
        </fs>
    </a>
    <node xml:id="wn-n60"/>
    <a xml:id="a60" label="sense" ref="wn-n60" as="wn">
        <fs>
            <f name="sense-key" value="full%5:00:00:complete:00"/>
            <f name="annotator" value="brubin"/>
        </fs>
    </a>
    <node xml:id="wn-n61"/>
    <a xml:id="a61" label="sense" ref="wn-n61" as="wn">
        <fs>
            <f name="sense-key" value="full%5:00:00:complete:00"/>
            <f name="annotator" value="anfahmy"/>
        </fs>
    </a>
    <node xml:id="wn-n62"/>
    <a xml:id="a62" label="sense" ref="wn-n62" as="wn">
        <fs>
            <f name="sense-key" value="face%1:08:00::"/>
            <f name="annotator" value="anfahmy"/>
        </fs>
    </a>
    <node xml:id="wn-n63"/>
    <a xml:id="a63" label="sense" ref="wn-n63" as="wn">
        <fs>
            <f name="sense-key" value="face%1:08:00::"/>
            <f name="annotator" value="anfahmy"/>
        </fs>
    </a>
    <node xml:id="wn-n64"/>
    <a xml:id="a64" label="sense" ref="wn-n64" as="wn">
        <fs>
            <f name="sense-key" value="chance%1:26:00::"/>
            <f name="annotator" value="vebatchelder"/>
        </fs>
    </a>
    <node xml:id="wn-n7"/>
    <a xml:id="a7" label="sense" ref="wn-n7" as="wn">
        <fs>
            <f name="sense-key" value="wait%2:42:01::"/>
            <f name="annotator" value="brubin"/>
        </fs>
    </a>
    <node xml:id="wn-n8"/>
    <a xml:id="a8" label="sense" ref="wn-n8" as="wn">
        <fs>
            <f name="sense-key" value="wait%2:42:01::"/>
            <f name="annotator" value="anfahmy"/>
        </fs>
    </a>
    <node xml:id="wn-n9"/>
    <a xml:id="a9" label="sense" ref="wn-n9" as="wn">
        <fs>
            <f name="sense-key" value="wait%2:42:01::"/>
            <f name="annotator" value="anfahmy"/>
        </fs>
    </a>
    <edge xml:id="e30" from="wn-n30" to="penn-n1429"/>
    <edge xml:id="e31" from="wn-n31" to="penn-n1429"/>
    <edge xml:id="e34" from="wn-n34" to="penn-n1452"/>
    <edge xml:id="e35" from="wn-n35" to="penn-n956"/>
    <edge xml:id="e32" from="wn-n32" to="penn-n1429"/>
    <edge xml:id="e33" from="wn-n33" to="penn-n1429"/>
    <edge xml:id="e38" from="wn-n38" to="penn-n195"/>
    <edge xml:id="e39" from="wn-n39" to="penn-n956"/>
    <edge xml:id="e36" from="wn-n36" to="penn-n195"/>
    <edge xml:id="e37" from="wn-n37" to="penn-n956"/>
    <edge xml:id="e40" from="wn-n40" to="penn-n195"/>
    <edge xml:id="e41" from="wn-n41" to="penn-n956"/>
    <edge xml:id="e42" from="wn-n42" to="penn-n195"/>
    <edge xml:id="e43" from="wn-n43" to="penn-n2086"/>
    <edge xml:id="e44" from="wn-n44" to="penn-n2086"/>
    <edge xml:id="e45" from="wn-n45" to="penn-n2086"/>
    <edge xml:id="e46" from="wn-n46" to="penn-n2086"/>
    <edge xml:id="e47" from="wn-n47" to="penn-n35"/>
    <edge xml:id="e48" from="wn-n48" to="penn-n1310"/>
    <edge xml:id="e49" from="wn-n49" to="penn-n35"/>
    <edge xml:id="e9" from="wn-n9" to="penn-n1071"/>
    <edge xml:id="e8" from="wn-n8" to="penn-n1071"/>
    <edge xml:id="e7" from="wn-n7" to="penn-n1071"/>
    <edge xml:id="e6" from="wn-n6" to="penn-n2020"/>
    <edge xml:id="e5" from="wn-n5" to="penn-n1071"/>
    <edge xml:id="e3" from="wn-n3" to="penn-n1071"/>
    <edge xml:id="e4" from="wn-n4" to="penn-n1071"/>
    <edge xml:id="e1" from="wn-n1" to="penn-n1071"/>
    <edge xml:id="e2" from="wn-n2" to="penn-n1071"/>
    <edge xml:id="e0" from="wn-n0" to="penn-n1425"/>
    <edge xml:id="e56" from="wn-n56" to="penn-n1216"/>
    <edge xml:id="e57" from="wn-n57" to="penn-n1216"/>
    <edge xml:id="e54" from="wn-n54" to="penn-n1216"/>
    <edge xml:id="e19" from="wn-n19" to="penn-n1745"/>
    <edge xml:id="e55" from="wn-n55" to="penn-n1216"/>
    <edge xml:id="e18" from="wn-n18" to="penn-n1745"/>
    <edge xml:id="e52" from="wn-n52" to="penn-n35"/>
    <edge xml:id="e17" from="wn-n17" to="penn-n1745"/>
    <edge xml:id="e53" from="wn-n53" to="penn-n1216"/>
    <edge xml:id="e16" from="wn-n16" to="penn-n1745"/>
    <edge xml:id="e50" from="wn-n50" to="penn-n35"/>
    <edge xml:id="e15" from="wn-n15" to="penn-n605"/>
    <edge xml:id="e51" from="wn-n51" to="penn-n35"/>
    <edge xml:id="e14" from="wn-n14" to="penn-n883"/>
    <edge xml:id="e13" from="wn-n13" to="penn-n902"/>
    <edge xml:id="e12" from="wn-n12" to="penn-n1208"/>
    <edge xml:id="e11" from="wn-n11" to="penn-n1231"/>
    <edge xml:id="e10" from="wn-n10" to="penn-n1292"/>
    <edge xml:id="e58" from="wn-n58" to="penn-n668"/>
    <edge xml:id="e59" from="wn-n59" to="penn-n668"/>
    <edge xml:id="e60" from="wn-n60" to="penn-n668"/>
    <edge xml:id="e29" from="wn-n29" to="penn-n1429"/>
    <edge xml:id="e61" from="wn-n61" to="penn-n668"/>
    <edge xml:id="e26" from="wn-n26" to="penn-n1429"/>
    <edge xml:id="e62" from="wn-n62" to="penn-n2096"/>
    <edge xml:id="e25" from="wn-n25" to="penn-n294"/>
    <edge xml:id="e63" from="wn-n63" to="penn-n2050"/>
    <edge xml:id="e28" from="wn-n28" to="penn-n1429"/>
    <edge xml:id="e64" from="wn-n64" to="penn-n1111"/>
    <edge xml:id="e27" from="wn-n27" to="penn-n1429"/>
    <edge xml:id="e22" from="wn-n22" to="penn-n745"/>
    <edge xml:id="e21" from="wn-n21" to="penn-n659"/>
    <edge xml:id="e24" from="wn-n24" to="penn-n1505"/>
    <edge xml:id="e23" from="wn-n23" to="penn-n598"/>
    <edge xml:id="e20" from="wn-n20" to="penn-n1745"/>
</graph>
