<?xml version="1.0" encoding="UTF-8"?>
<graph xmlns="http://www.xces.org/ns/GrAF/1.0/">
    <graphHeader>
        <labelsDecl>
            <labelUsage label="sense" occurs="285"/>
        </labelsDecl>
        <dependencies>
            <dependsOn type="Env_Prot_Agency-nov1-penn.xml"/>
        </dependencies>
        <annotationSpaces>
            <annotationSpace name="wn" type="http://wordnet.princeton.edu/"/>
        </annotationSpaces>
    </graphHeader>
    <node xml:id="wn-n0"/>
    <a xml:id="a0" label="sense" ref="wn-n0" as="wn">
        <fs>
            <f name="sense-key" value="wait%2:42:00::"/>
            <f name="annotator" value="veweser"/>
        </fs>
    </a>
    <node xml:id="wn-n1"/>
    <a xml:id="a1" label="sense" ref="wn-n1" as="wn">
        <fs>
            <f name="sense-key" value="wait%2:31:00::"/>
            <f name="annotator" value="cgozo"/>
        </fs>
    </a>
    <node xml:id="wn-n10"/>
    <a xml:id="a10" label="sense" ref="wn-n10" as="wn">
        <fs>
            <f name="sense-key" value="success%1:26:00::"/>
            <f name="annotator" value="sophiavv"/>
        </fs>
    </a>
    <node xml:id="wn-n100"/>
    <a xml:id="a100" label="sense" ref="wn-n100" as="wn">
        <fs>
            <f name="sense-key" value="level%1:07:00::"/>
            <f name="annotator" value="anfahmy"/>
        </fs>
    </a>
    <node xml:id="wn-n101"/>
    <a xml:id="a101" label="sense" ref="wn-n101" as="wn">
        <fs>
            <f name="sense-key" value="level%1:07:00::"/>
            <f name="annotator" value="anfahmy"/>
        </fs>
    </a>
    <node xml:id="wn-n102"/>
    <a xml:id="a102" label="sense" ref="wn-n102" as="wn">
        <fs>
            <f name="sense-key" value="level%1:07:00::"/>
            <f name="annotator" value="anfahmy"/>
        </fs>
    </a>
    <node xml:id="wn-n103"/>
    <a xml:id="a103" label="sense" ref="wn-n103" as="wn">
        <fs>
            <f name="sense-key" value="level%1:07:00::"/>
            <f name="annotator" value="anfahmy"/>
        </fs>
    </a>
    <node xml:id="wn-n104"/>
    <a xml:id="a104" label="sense" ref="wn-n104" as="wn">
        <fs>
            <f name="sense-key" value="level%1:07:00::"/>
            <f name="annotator" value="anfahmy"/>
        </fs>
    </a>
    <node xml:id="wn-n105"/>
    <a xml:id="a105" label="sense" ref="wn-n105" as="wn">
        <fs>
            <f name="sense-key" value="level%1:07:00::"/>
            <f name="annotator" value="anfahmy"/>
        </fs>
    </a>
    <node xml:id="wn-n106"/>
    <a xml:id="a106" label="sense" ref="wn-n106" as="wn">
        <fs>
            <f name="sense-key" value="level%1:07:00::"/>
            <f name="annotator" value="anfahmy"/>
        </fs>
    </a>
    <node xml:id="wn-n107"/>
    <a xml:id="a107" label="sense" ref="wn-n107" as="wn">
        <fs>
            <f name="sense-key" value="level%1:07:00::"/>
            <f name="annotator" value="anfahmy"/>
        </fs>
    </a>
    <node xml:id="wn-n108"/>
    <a xml:id="a108" label="sense" ref="wn-n108" as="wn">
        <fs>
            <f name="sense-key" value="level%1:26:00::"/>
            <f name="annotator" value="anfahmy"/>
        </fs>
    </a>
    <node xml:id="wn-n109"/>
    <a xml:id="a109" label="sense" ref="wn-n109" as="wn">
        <fs>
            <f name="sense-key" value="history%1:28:00::"/>
            <f name="annotator" value="anfahmy"/>
        </fs>
    </a>
    <node xml:id="wn-n11"/>
    <a xml:id="a11" label="sense" ref="wn-n11" as="wn">
        <fs>
            <f name="sense-key" value="strong%3:00:00::"/>
            <f name="annotator" value="vebatchelder"/>
        </fs>
    </a>
    <node xml:id="wn-n110"/>
    <a xml:id="a110" label="sense" ref="wn-n110" as="wn">
        <fs>
            <f name="sense-key" value="high%3:00:02::"/>
            <f name="annotator" value="veweser"/>
        </fs>
    </a>
    <node xml:id="wn-n111"/>
    <a xml:id="a111" label="sense" ref="wn-n111" as="wn">
        <fs>
            <f name="sense-key" value="high%3:00:02::"/>
            <f name="annotator" value="veweser"/>
        </fs>
    </a>
    <node xml:id="wn-n112"/>
    <a xml:id="a112" label="sense" ref="wn-n112" as="wn">
        <fs>
            <f name="sense-key" value="high%3:00:02::"/>
            <f name="annotator" value="veweser"/>
        </fs>
    </a>
    <node xml:id="wn-n113"/>
    <a xml:id="a113" label="sense" ref="wn-n113" as="wn">
        <fs>
            <f name="sense-key" value="high%3:00:02::"/>
            <f name="annotator" value="veweser"/>
        </fs>
    </a>
    <node xml:id="wn-n114"/>
    <a xml:id="a114" label="sense" ref="wn-n114" as="wn">
        <fs>
            <f name="sense-key" value="high%3:00:02::"/>
            <f name="annotator" value="cgozo"/>
        </fs>
    </a>
    <node xml:id="wn-n115"/>
    <a xml:id="a115" label="sense" ref="wn-n115" as="wn">
        <fs>
            <f name="sense-key" value="high%3:00:02::"/>
            <f name="annotator" value="cgozo"/>
        </fs>
    </a>
    <node xml:id="wn-n116"/>
    <a xml:id="a116" label="sense" ref="wn-n116" as="wn">
        <fs>
            <f name="sense-key" value="high%3:00:02::"/>
            <f name="annotator" value="cgozo"/>
        </fs>
    </a>
    <node xml:id="wn-n117"/>
    <a xml:id="a117" label="sense" ref="wn-n117" as="wn">
        <fs>
            <f name="sense-key" value="high%3:00:02::"/>
            <f name="annotator" value="cgozo"/>
        </fs>
    </a>
    <node xml:id="wn-n118"/>
    <a xml:id="a118" label="sense" ref="wn-n118" as="wn">
        <fs>
            <f name="sense-key" value="high%3:00:02::"/>
            <f name="annotator" value="brubin"/>
        </fs>
    </a>
    <node xml:id="wn-n119"/>
    <a xml:id="a119" label="sense" ref="wn-n119" as="wn">
        <fs>
            <f name="sense-key" value="high%3:00:02::"/>
            <f name="annotator" value="brubin"/>
        </fs>
    </a>
    <node xml:id="wn-n12"/>
    <a xml:id="a12" label="sense" ref="wn-n12" as="wn">
        <fs>
            <f name="sense-key" value="strong%3:00:00::"/>
            <f name="annotator" value="anfahmy"/>
        </fs>
    </a>
    <node xml:id="wn-n120"/>
    <a xml:id="a120" label="sense" ref="wn-n120" as="wn">
        <fs>
            <f name="sense-key" value="high%3:00:02::"/>
            <f name="annotator" value="brubin"/>
        </fs>
    </a>
    <node xml:id="wn-n121"/>
    <a xml:id="a121" label="sense" ref="wn-n121" as="wn">
        <fs>
            <f name="sense-key" value="high%3:00:02::"/>
            <f name="annotator" value="brubin"/>
        </fs>
    </a>
    <node xml:id="wn-n122"/>
    <a xml:id="a122" label="sense" ref="wn-n122" as="wn">
        <fs>
            <f name="sense-key" value="high%3:00:02::"/>
            <f name="annotator" value="anfahmy"/>
        </fs>
    </a>
    <node xml:id="wn-n123"/>
    <a xml:id="a123" label="sense" ref="wn-n123" as="wn">
        <fs>
            <f name="sense-key" value="high%3:00:02::"/>
            <f name="annotator" value="anfahmy"/>
        </fs>
    </a>
    <node xml:id="wn-n124"/>
    <a xml:id="a124" label="sense" ref="wn-n124" as="wn">
        <fs>
            <f name="sense-key" value="high%3:00:02::"/>
            <f name="annotator" value="anfahmy"/>
        </fs>
    </a>
    <node xml:id="wn-n125"/>
    <a xml:id="a125" label="sense" ref="wn-n125" as="wn">
        <fs>
            <f name="sense-key" value="high%3:00:02::"/>
            <f name="annotator" value="anfahmy"/>
        </fs>
    </a>
    <node xml:id="wn-n126"/>
    <a xml:id="a126" label="sense" ref="wn-n126" as="wn">
        <fs>
            <f name="sense-key" value="help%2:42:00::"/>
            <f name="annotator" value="cgozo"/>
        </fs>
    </a>
    <node xml:id="wn-n127"/>
    <a xml:id="a127" label="sense" ref="wn-n127" as="wn">
        <fs>
            <f name="sense-key" value="full%5:00:00:complete:00"/>
            <f name="annotator" value="veweser"/>
        </fs>
    </a>
    <node xml:id="wn-n128"/>
    <a xml:id="a128" label="sense" ref="wn-n128" as="wn">
        <fs>
            <f name="sense-key" value="full%5:00:00:complete:00"/>
            <f name="annotator" value="veweser"/>
        </fs>
    </a>
    <node xml:id="wn-n129"/>
    <a xml:id="a129" label="sense" ref="wn-n129" as="wn">
        <fs>
            <f name="sense-key" value="full%5:00:01:whole:00"/>
            <f name="annotator" value="veweser"/>
        </fs>
    </a>
    <node xml:id="wn-n13"/>
    <a xml:id="a13" label="sense" ref="wn-n13" as="wn">
        <fs>
            <f name="sense-key" value="strong%3:00:00::"/>
            <f name="annotator" value="anfahmy"/>
        </fs>
    </a>
    <node xml:id="wn-n130"/>
    <a xml:id="a130" label="sense" ref="wn-n130" as="wn">
        <fs>
            <f name="sense-key" value="full%5:00:00:complete:00"/>
            <f name="annotator" value="cgozo"/>
        </fs>
    </a>
    <node xml:id="wn-n131"/>
    <a xml:id="a131" label="sense" ref="wn-n131" as="wn">
        <fs>
            <f name="sense-key" value="full%5:00:00:complete:00"/>
            <f name="annotator" value="cgozo"/>
        </fs>
    </a>
    <node xml:id="wn-n132"/>
    <a xml:id="a132" label="sense" ref="wn-n132" as="wn">
        <fs>
            <f name="sense-key" value="full%5:00:01:whole:00"/>
            <f name="annotator" value="cgozo"/>
        </fs>
    </a>
    <node xml:id="wn-n133"/>
    <a xml:id="a133" label="sense" ref="wn-n133" as="wn">
        <fs>
            <f name="sense-key" value="full%5:00:01:whole:00"/>
            <f name="annotator" value="brubin"/>
        </fs>
    </a>
    <node xml:id="wn-n134"/>
    <a xml:id="a134" label="sense" ref="wn-n134" as="wn">
        <fs>
            <f name="sense-key" value="full%5:00:01:whole:00"/>
            <f name="annotator" value="brubin"/>
        </fs>
    </a>
    <node xml:id="wn-n135"/>
    <a xml:id="a135" label="sense" ref="wn-n135" as="wn">
        <fs>
            <f name="sense-key" value="full%5:00:01:whole:00"/>
            <f name="annotator" value="brubin"/>
        </fs>
    </a>
    <node xml:id="wn-n136"/>
    <a xml:id="a136" label="sense" ref="wn-n136" as="wn">
        <fs>
            <f name="sense-key" value="full%5:00:00:complete:00"/>
            <f name="annotator" value="anfahmy"/>
        </fs>
    </a>
    <node xml:id="wn-n137"/>
    <a xml:id="a137" label="sense" ref="wn-n137" as="wn">
        <fs>
            <f name="sense-key" value="full%5:00:00:complete:00"/>
            <f name="annotator" value="anfahmy"/>
        </fs>
    </a>
    <node xml:id="wn-n138"/>
    <a xml:id="a138" label="sense" ref="wn-n138" as="wn">
        <fs>
            <f name="sense-key" value="full%5:00:00:complete:00"/>
            <f name="annotator" value="anfahmy"/>
        </fs>
    </a>
    <node xml:id="wn-n139"/>
    <a xml:id="a139" label="sense" ref="wn-n139" as="wn">
        <fs>
            <f name="sense-key" value="find%2:40:03::"/>
            <f name="annotator" value="veweser"/>
        </fs>
    </a>
    <node xml:id="wn-n14"/>
    <a xml:id="a14" label="sense" ref="wn-n14" as="wn">
        <fs>
            <f name="sense-key" value="strong%5:00:00:powerful:00"/>
            <f name="annotator" value="adelpriore"/>
        </fs>
    </a>
    <node xml:id="wn-n140"/>
    <a xml:id="a140" label="sense" ref="wn-n140" as="wn">
        <fs>
            <f name="sense-key" value="find%2:39:02::"/>
            <f name="annotator" value="cgozo"/>
        </fs>
    </a>
    <node xml:id="wn-n141"/>
    <a xml:id="a141" label="sense" ref="wn-n141" as="wn">
        <fs>
            <f name="sense-key" value="find%2:39:02::"/>
            <f name="annotator" value="cgozo"/>
        </fs>
    </a>
    <node xml:id="wn-n142"/>
    <a xml:id="a142" label="sense" ref="wn-n142" as="wn">
        <fs>
            <f name="sense-key" value="find%2:32:00::"/>
            <f name="annotator" value="brubin"/>
        </fs>
    </a>
    <node xml:id="wn-n143"/>
    <a xml:id="a143" label="sense" ref="wn-n143" as="wn">
        <fs>
            <f name="sense-key" value="find%2:32:00::"/>
            <f name="annotator" value="anfahmy"/>
        </fs>
    </a>
    <node xml:id="wn-n144"/>
    <a xml:id="a144" label="sense" ref="wn-n144" as="wn">
        <fs>
            <f name="sense-key" value="entitle%2:41:00::"/>
            <f name="annotator" value="sophiavv"/>
        </fs>
    </a>
    <node xml:id="wn-n145"/>
    <a xml:id="a145" label="sense" ref="wn-n145" as="wn">
        <fs>
            <f name="sense-key" value="null"/>
            <f name="annotator" value="ksuderman"/>
        </fs>
    </a>
    <node xml:id="wn-n146"/>
    <a xml:id="a146" label="sense" ref="wn-n146" as="wn">
        <fs>
            <f name="sense-key" value="null"/>
            <f name="annotator" value="ksuderman"/>
        </fs>
    </a>
    <node xml:id="wn-n147"/>
    <a xml:id="a147" label="sense" ref="wn-n147" as="wn">
        <fs>
            <f name="sense-key" value="development%1:04:01::"/>
            <f name="annotator" value="anfahmy"/>
        </fs>
    </a>
    <node xml:id="wn-n148"/>
    <a xml:id="a148" label="sense" ref="wn-n148" as="wn">
        <fs>
            <f name="sense-key" value="development%1:04:01::"/>
            <f name="annotator" value="anfahmy"/>
        </fs>
    </a>
    <node xml:id="wn-n149"/>
    <a xml:id="a149" label="sense" ref="wn-n149" as="wn">
        <fs>
            <f name="sense-key" value="date%1:28:02::"/>
            <f name="annotator" value="vebatchelder"/>
        </fs>
    </a>
    <node xml:id="wn-n15"/>
    <a xml:id="a15" label="sense" ref="wn-n15" as="wn">
        <fs>
            <f name="sense-key" value="strong%5:00:00:sound:01"/>
            <f name="annotator" value="adelpriore"/>
        </fs>
    </a>
    <node xml:id="wn-n150"/>
    <a xml:id="a150" label="sense" ref="wn-n150" as="wn">
        <fs>
            <f name="sense-key" value="control%1:24:00::"/>
            <f name="annotator" value="veweser"/>
        </fs>
    </a>
    <node xml:id="wn-n151"/>
    <a xml:id="a151" label="sense" ref="wn-n151" as="wn">
        <fs>
            <f name="sense-key" value="control%1:24:00::"/>
            <f name="annotator" value="veweser"/>
        </fs>
    </a>
    <node xml:id="wn-n152"/>
    <a xml:id="a152" label="sense" ref="wn-n152" as="wn">
        <fs>
            <f name="sense-key" value="control%1:06:00::"/>
            <f name="annotator" value="veweser"/>
        </fs>
    </a>
    <node xml:id="wn-n153"/>
    <a xml:id="a153" label="sense" ref="wn-n153" as="wn">
        <fs>
            <f name="sense-key" value="control%1:24:00::"/>
            <f name="annotator" value="veweser"/>
        </fs>
    </a>
    <node xml:id="wn-n154"/>
    <a xml:id="a154" label="sense" ref="wn-n154" as="wn">
        <fs>
            <f name="sense-key" value="control%1:24:00::"/>
            <f name="annotator" value="veweser"/>
        </fs>
    </a>
    <node xml:id="wn-n155"/>
    <a xml:id="a155" label="sense" ref="wn-n155" as="wn">
        <fs>
            <f name="sense-key" value="control%1:24:00::"/>
            <f name="annotator" value="veweser"/>
        </fs>
    </a>
    <node xml:id="wn-n156"/>
    <a xml:id="a156" label="sense" ref="wn-n156" as="wn">
        <fs>
            <f name="sense-key" value="control%1:06:00::"/>
            <f name="annotator" value="veweser"/>
        </fs>
    </a>
    <node xml:id="wn-n157"/>
    <a xml:id="a157" label="sense" ref="wn-n157" as="wn">
        <fs>
            <f name="sense-key" value="control%1:24:00::"/>
            <f name="annotator" value="veweser"/>
        </fs>
    </a>
    <node xml:id="wn-n158"/>
    <a xml:id="a158" label="sense" ref="wn-n158" as="wn">
        <fs>
            <f name="sense-key" value="control%1:24:00::"/>
            <f name="annotator" value="veweser"/>
        </fs>
    </a>
    <node xml:id="wn-n159"/>
    <a xml:id="a159" label="sense" ref="wn-n159" as="wn">
        <fs>
            <f name="sense-key" value="control%1:06:00::"/>
            <f name="annotator" value="veweser"/>
        </fs>
    </a>
    <node xml:id="wn-n16"/>
    <a xml:id="a16" label="sense" ref="wn-n16" as="wn">
        <fs>
            <f name="sense-key" value="serve%2:42:03::"/>
            <f name="annotator" value="anfahmy"/>
        </fs>
    </a>
    <node xml:id="wn-n160"/>
    <a xml:id="a160" label="sense" ref="wn-n160" as="wn">
        <fs>
            <f name="sense-key" value="control%1:06:00::"/>
            <f name="annotator" value="veweser"/>
        </fs>
    </a>
    <node xml:id="wn-n161"/>
    <a xml:id="a161" label="sense" ref="wn-n161" as="wn">
        <fs>
            <f name="sense-key" value="control%1:24:00::"/>
            <f name="annotator" value="veweser"/>
        </fs>
    </a>
    <node xml:id="wn-n162"/>
    <a xml:id="a162" label="sense" ref="wn-n162" as="wn">
        <fs>
            <f name="sense-key" value="control%1:24:00::"/>
            <f name="annotator" value="veweser"/>
        </fs>
    </a>
    <node xml:id="wn-n163"/>
    <a xml:id="a163" label="sense" ref="wn-n163" as="wn">
        <fs>
            <f name="sense-key" value="control%1:06:00::"/>
            <f name="annotator" value="veweser"/>
        </fs>
    </a>
    <node xml:id="wn-n164"/>
    <a xml:id="a164" label="sense" ref="wn-n164" as="wn">
        <fs>
            <f name="sense-key" value="control%1:06:00::"/>
            <f name="annotator" value="veweser"/>
        </fs>
    </a>
    <node xml:id="wn-n165"/>
    <a xml:id="a165" label="sense" ref="wn-n165" as="wn">
        <fs>
            <f name="sense-key" value="control%1:06:00::"/>
            <f name="annotator" value="veweser"/>
        </fs>
    </a>
    <node xml:id="wn-n166"/>
    <a xml:id="a166" label="sense" ref="wn-n166" as="wn">
        <fs>
            <f name="sense-key" value="control%1:24:00::"/>
            <f name="annotator" value="veweser"/>
        </fs>
    </a>
    <node xml:id="wn-n167"/>
    <a xml:id="a167" label="sense" ref="wn-n167" as="wn">
        <fs>
            <f name="sense-key" value="control%1:24:00::"/>
            <f name="annotator" value="veweser"/>
        </fs>
    </a>
    <node xml:id="wn-n168"/>
    <a xml:id="a168" label="sense" ref="wn-n168" as="wn">
        <fs>
            <f name="sense-key" value="control%1:24:00::"/>
            <f name="annotator" value="veweser"/>
        </fs>
    </a>
    <node xml:id="wn-n169"/>
    <a xml:id="a169" label="sense" ref="wn-n169" as="wn">
        <fs>
            <f name="sense-key" value="control%1:06:00::"/>
            <f name="annotator" value="veweser"/>
        </fs>
    </a>
    <node xml:id="wn-n17"/>
    <a xml:id="a17" label="sense" ref="wn-n17" as="wn">
        <fs>
            <f name="sense-key" value="recommend%2:32:01::"/>
            <f name="annotator" value="vebatchelder"/>
        </fs>
    </a>
    <node xml:id="wn-n170"/>
    <a xml:id="a170" label="sense" ref="wn-n170" as="wn">
        <fs>
            <f name="sense-key" value="control%1:06:00::"/>
            <f name="annotator" value="veweser"/>
        </fs>
    </a>
    <node xml:id="wn-n171"/>
    <a xml:id="a171" label="sense" ref="wn-n171" as="wn">
        <fs>
            <f name="sense-key" value="control%1:24:00::"/>
            <f name="annotator" value="cgozo"/>
        </fs>
    </a>
    <node xml:id="wn-n172"/>
    <a xml:id="a172" label="sense" ref="wn-n172" as="wn">
        <fs>
            <f name="sense-key" value="control%1:24:00::"/>
            <f name="annotator" value="cgozo"/>
        </fs>
    </a>
    <node xml:id="wn-n173"/>
    <a xml:id="a173" label="sense" ref="wn-n173" as="wn">
        <fs>
            <f name="sense-key" value="control%1:06:00::"/>
            <f name="annotator" value="cgozo"/>
        </fs>
    </a>
    <node xml:id="wn-n174"/>
    <a xml:id="a174" label="sense" ref="wn-n174" as="wn">
        <fs>
            <f name="sense-key" value="control%1:24:00::"/>
            <f name="annotator" value="cgozo"/>
        </fs>
    </a>
    <node xml:id="wn-n175"/>
    <a xml:id="a175" label="sense" ref="wn-n175" as="wn">
        <fs>
            <f name="sense-key" value="control%1:06:00::"/>
            <f name="annotator" value="cgozo"/>
        </fs>
    </a>
    <node xml:id="wn-n176"/>
    <a xml:id="a176" label="sense" ref="wn-n176" as="wn">
        <fs>
            <f name="sense-key" value="null"/>
            <f name="annotator" value="cgozo"/>
        </fs>
    </a>
    <node xml:id="wn-n177"/>
    <a xml:id="a177" label="sense" ref="wn-n177" as="wn">
        <fs>
            <f name="sense-key" value="control%1:06:00::"/>
            <f name="annotator" value="cgozo"/>
        </fs>
    </a>
    <node xml:id="wn-n178"/>
    <a xml:id="a178" label="sense" ref="wn-n178" as="wn">
        <fs>
            <f name="sense-key" value="control%1:06:00::"/>
            <f name="annotator" value="cgozo"/>
        </fs>
    </a>
    <node xml:id="wn-n179"/>
    <a xml:id="a179" label="sense" ref="wn-n179" as="wn">
        <fs>
            <f name="sense-key" value="control%1:06:00::"/>
            <f name="annotator" value="cgozo"/>
        </fs>
    </a>
    <node xml:id="wn-n18"/>
    <a xml:id="a18" label="sense" ref="wn-n18" as="wn">
        <fs>
            <f name="sense-key" value="recommend%2:32:01::"/>
            <f name="annotator" value="anfahmy"/>
        </fs>
    </a>
    <node xml:id="wn-n180"/>
    <a xml:id="a180" label="sense" ref="wn-n180" as="wn">
        <fs>
            <f name="sense-key" value="control%1:06:00::"/>
            <f name="annotator" value="cgozo"/>
        </fs>
    </a>
    <node xml:id="wn-n181"/>
    <a xml:id="a181" label="sense" ref="wn-n181" as="wn">
        <fs>
            <f name="sense-key" value="control%1:04:00::"/>
            <f name="annotator" value="cgozo"/>
        </fs>
    </a>
    <node xml:id="wn-n182"/>
    <a xml:id="a182" label="sense" ref="wn-n182" as="wn">
        <fs>
            <f name="sense-key" value="control%1:04:00::"/>
            <f name="annotator" value="cgozo"/>
        </fs>
    </a>
    <node xml:id="wn-n183"/>
    <a xml:id="a183" label="sense" ref="wn-n183" as="wn">
        <fs>
            <f name="sense-key" value="control%1:04:00::"/>
            <f name="annotator" value="cgozo"/>
        </fs>
    </a>
    <node xml:id="wn-n184"/>
    <a xml:id="a184" label="sense" ref="wn-n184" as="wn">
        <fs>
            <f name="sense-key" value="control%1:06:00::"/>
            <f name="annotator" value="cgozo"/>
        </fs>
    </a>
    <node xml:id="wn-n185"/>
    <a xml:id="a185" label="sense" ref="wn-n185" as="wn">
        <fs>
            <f name="sense-key" value="control%1:04:00::"/>
            <f name="annotator" value="cgozo"/>
        </fs>
    </a>
    <node xml:id="wn-n186"/>
    <a xml:id="a186" label="sense" ref="wn-n186" as="wn">
        <fs>
            <f name="sense-key" value="control%1:06:00::"/>
            <f name="annotator" value="cgozo"/>
        </fs>
    </a>
    <node xml:id="wn-n187"/>
    <a xml:id="a187" label="sense" ref="wn-n187" as="wn">
        <fs>
            <f name="sense-key" value="control%1:04:00::"/>
            <f name="annotator" value="cgozo"/>
        </fs>
    </a>
    <node xml:id="wn-n188"/>
    <a xml:id="a188" label="sense" ref="wn-n188" as="wn">
        <fs>
            <f name="sense-key" value="control%1:04:00::"/>
            <f name="annotator" value="cgozo"/>
        </fs>
    </a>
    <node xml:id="wn-n189"/>
    <a xml:id="a189" label="sense" ref="wn-n189" as="wn">
        <fs>
            <f name="sense-key" value="control%1:06:00::"/>
            <f name="annotator" value="cgozo"/>
        </fs>
    </a>
    <node xml:id="wn-n19"/>
    <a xml:id="a19" label="sense" ref="wn-n19" as="wn">
        <fs>
            <f name="sense-key" value="recommend%2:32:01::"/>
            <f name="annotator" value="anfahmy"/>
        </fs>
    </a>
    <node xml:id="wn-n190"/>
    <a xml:id="a190" label="sense" ref="wn-n190" as="wn">
        <fs>
            <f name="sense-key" value="control%1:24:00::"/>
            <f name="annotator" value="cgozo"/>
        </fs>
    </a>
    <node xml:id="wn-n191"/>
    <a xml:id="a191" label="sense" ref="wn-n191" as="wn">
        <fs>
            <f name="sense-key" value="control%1:06:00::"/>
            <f name="annotator" value="cgozo"/>
        </fs>
    </a>
    <node xml:id="wn-n192"/>
    <a xml:id="a192" label="sense" ref="wn-n192" as="wn">
        <fs>
            <f name="sense-key" value="control%1:24:00::"/>
            <f name="annotator" value="brubin"/>
        </fs>
    </a>
    <node xml:id="wn-n193"/>
    <a xml:id="a193" label="sense" ref="wn-n193" as="wn">
        <fs>
            <f name="sense-key" value="control%1:24:00::"/>
            <f name="annotator" value="brubin"/>
        </fs>
    </a>
    <node xml:id="wn-n194"/>
    <a xml:id="a194" label="sense" ref="wn-n194" as="wn">
        <fs>
            <f name="sense-key" value="control%1:06:00::"/>
            <f name="annotator" value="brubin"/>
        </fs>
    </a>
    <node xml:id="wn-n195"/>
    <a xml:id="a195" label="sense" ref="wn-n195" as="wn">
        <fs>
            <f name="sense-key" value="control%1:24:00::"/>
            <f name="annotator" value="brubin"/>
        </fs>
    </a>
    <node xml:id="wn-n196"/>
    <a xml:id="a196" label="sense" ref="wn-n196" as="wn">
        <fs>
            <f name="sense-key" value="control%1:06:00::"/>
            <f name="annotator" value="brubin"/>
        </fs>
    </a>
    <node xml:id="wn-n197"/>
    <a xml:id="a197" label="sense" ref="wn-n197" as="wn">
        <fs>
            <f name="sense-key" value="control%1:06:00::"/>
            <f name="annotator" value="brubin"/>
        </fs>
    </a>
    <node xml:id="wn-n198"/>
    <a xml:id="a198" label="sense" ref="wn-n198" as="wn">
        <fs>
            <f name="sense-key" value="control%1:06:00::"/>
            <f name="annotator" value="brubin"/>
        </fs>
    </a>
    <node xml:id="wn-n199"/>
    <a xml:id="a199" label="sense" ref="wn-n199" as="wn">
        <fs>
            <f name="sense-key" value="control%1:24:00::"/>
            <f name="annotator" value="brubin"/>
        </fs>
    </a>
    <node xml:id="wn-n2"/>
    <a xml:id="a2" label="sense" ref="wn-n2" as="wn">
        <fs>
            <f name="sense-key" value="wait%2:42:01::"/>
            <f name="annotator" value="brubin"/>
        </fs>
    </a>
    <node xml:id="wn-n20"/>
    <a xml:id="a20" label="sense" ref="wn-n20" as="wn">
        <fs>
            <f name="sense-key" value="recommend%2:32:01::"/>
            <f name="annotator" value="adelpriore"/>
        </fs>
    </a>
    <node xml:id="wn-n200"/>
    <a xml:id="a200" label="sense" ref="wn-n200" as="wn">
        <fs>
            <f name="sense-key" value="control%1:24:00::"/>
            <f name="annotator" value="brubin"/>
        </fs>
    </a>
    <node xml:id="wn-n201"/>
    <a xml:id="a201" label="sense" ref="wn-n201" as="wn">
        <fs>
            <f name="sense-key" value="control%1:06:00::"/>
            <f name="annotator" value="brubin"/>
        </fs>
    </a>
    <node xml:id="wn-n202"/>
    <a xml:id="a202" label="sense" ref="wn-n202" as="wn">
        <fs>
            <f name="sense-key" value="control%1:24:00::"/>
            <f name="annotator" value="brubin"/>
        </fs>
    </a>
    <node xml:id="wn-n203"/>
    <a xml:id="a203" label="sense" ref="wn-n203" as="wn">
        <fs>
            <f name="sense-key" value="control%1:24:00::"/>
            <f name="annotator" value="brubin"/>
        </fs>
    </a>
    <node xml:id="wn-n204"/>
    <a xml:id="a204" label="sense" ref="wn-n204" as="wn">
        <fs>
            <f name="sense-key" value="control%1:24:00::"/>
            <f name="annotator" value="brubin"/>
        </fs>
    </a>
    <node xml:id="wn-n205"/>
    <a xml:id="a205" label="sense" ref="wn-n205" as="wn">
        <fs>
            <f name="sense-key" value="control%1:06:00::"/>
            <f name="annotator" value="brubin"/>
        </fs>
    </a>
    <node xml:id="wn-n206"/>
    <a xml:id="a206" label="sense" ref="wn-n206" as="wn">
        <fs>
            <f name="sense-key" value="control%1:06:00::"/>
            <f name="annotator" value="brubin"/>
        </fs>
    </a>
    <node xml:id="wn-n207"/>
    <a xml:id="a207" label="sense" ref="wn-n207" as="wn">
        <fs>
            <f name="sense-key" value="control%1:06:00::"/>
            <f name="annotator" value="brubin"/>
        </fs>
    </a>
    <node xml:id="wn-n208"/>
    <a xml:id="a208" label="sense" ref="wn-n208" as="wn">
        <fs>
            <f name="sense-key" value="control%1:24:00::"/>
            <f name="annotator" value="brubin"/>
        </fs>
    </a>
    <node xml:id="wn-n209"/>
    <a xml:id="a209" label="sense" ref="wn-n209" as="wn">
        <fs>
            <f name="sense-key" value="control%1:24:00::"/>
            <f name="annotator" value="brubin"/>
        </fs>
    </a>
    <node xml:id="wn-n21"/>
    <a xml:id="a21" label="sense" ref="wn-n21" as="wn">
        <fs>
            <f name="sense-key" value="recommend%2:32:01::"/>
            <f name="annotator" value="adelpriore"/>
        </fs>
    </a>
    <node xml:id="wn-n210"/>
    <a xml:id="a210" label="sense" ref="wn-n210" as="wn">
        <fs>
            <f name="sense-key" value="control%1:24:00::"/>
            <f name="annotator" value="brubin"/>
        </fs>
    </a>
    <node xml:id="wn-n211"/>
    <a xml:id="a211" label="sense" ref="wn-n211" as="wn">
        <fs>
            <f name="sense-key" value="control%1:06:00::"/>
            <f name="annotator" value="brubin"/>
        </fs>
    </a>
    <node xml:id="wn-n212"/>
    <a xml:id="a212" label="sense" ref="wn-n212" as="wn">
        <fs>
            <f name="sense-key" value="control%1:06:00::"/>
            <f name="annotator" value="brubin"/>
        </fs>
    </a>
    <node xml:id="wn-n213"/>
    <a xml:id="a213" label="sense" ref="wn-n213" as="wn">
        <fs>
            <f name="sense-key" value="control%1:24:00::"/>
            <f name="annotator" value="anfahmy"/>
        </fs>
    </a>
    <node xml:id="wn-n214"/>
    <a xml:id="a214" label="sense" ref="wn-n214" as="wn">
        <fs>
            <f name="sense-key" value="control%1:24:00::"/>
            <f name="annotator" value="anfahmy"/>
        </fs>
    </a>
    <node xml:id="wn-n215"/>
    <a xml:id="a215" label="sense" ref="wn-n215" as="wn">
        <fs>
            <f name="sense-key" value="control%1:06:00::"/>
            <f name="annotator" value="anfahmy"/>
        </fs>
    </a>
    <node xml:id="wn-n216"/>
    <a xml:id="a216" label="sense" ref="wn-n216" as="wn">
        <fs>
            <f name="sense-key" value="control%1:24:00::"/>
            <f name="annotator" value="anfahmy"/>
        </fs>
    </a>
    <node xml:id="wn-n217"/>
    <a xml:id="a217" label="sense" ref="wn-n217" as="wn">
        <fs>
            <f name="sense-key" value="control%1:24:00::"/>
            <f name="annotator" value="anfahmy"/>
        </fs>
    </a>
    <node xml:id="wn-n218"/>
    <a xml:id="a218" label="sense" ref="wn-n218" as="wn">
        <fs>
            <f name="sense-key" value="control%1:24:00::"/>
            <f name="annotator" value="anfahmy"/>
        </fs>
    </a>
    <node xml:id="wn-n219"/>
    <a xml:id="a219" label="sense" ref="wn-n219" as="wn">
        <fs>
            <f name="sense-key" value="control%1:06:00::"/>
            <f name="annotator" value="anfahmy"/>
        </fs>
    </a>
    <node xml:id="wn-n22"/>
    <a xml:id="a22" label="sense" ref="wn-n22" as="wn">
        <fs>
            <f name="sense-key" value="rate%1:21:00::"/>
            <f name="annotator" value="sophiavv"/>
        </fs>
    </a>
    <node xml:id="wn-n220"/>
    <a xml:id="a220" label="sense" ref="wn-n220" as="wn">
        <fs>
            <f name="sense-key" value="control%1:24:00::"/>
            <f name="annotator" value="anfahmy"/>
        </fs>
    </a>
    <node xml:id="wn-n221"/>
    <a xml:id="a221" label="sense" ref="wn-n221" as="wn">
        <fs>
            <f name="sense-key" value="control%1:24:00::"/>
            <f name="annotator" value="anfahmy"/>
        </fs>
    </a>
    <node xml:id="wn-n222"/>
    <a xml:id="a222" label="sense" ref="wn-n222" as="wn">
        <fs>
            <f name="sense-key" value="control%1:06:00::"/>
            <f name="annotator" value="anfahmy"/>
        </fs>
    </a>
    <node xml:id="wn-n223"/>
    <a xml:id="a223" label="sense" ref="wn-n223" as="wn">
        <fs>
            <f name="sense-key" value="control%1:24:00::"/>
            <f name="annotator" value="anfahmy"/>
        </fs>
    </a>
    <node xml:id="wn-n224"/>
    <a xml:id="a224" label="sense" ref="wn-n224" as="wn">
        <fs>
            <f name="sense-key" value="control%1:24:00::"/>
            <f name="annotator" value="anfahmy"/>
        </fs>
    </a>
    <node xml:id="wn-n225"/>
    <a xml:id="a225" label="sense" ref="wn-n225" as="wn">
        <fs>
            <f name="sense-key" value="control%1:24:00::"/>
            <f name="annotator" value="anfahmy"/>
        </fs>
    </a>
    <node xml:id="wn-n226"/>
    <a xml:id="a226" label="sense" ref="wn-n226" as="wn">
        <fs>
            <f name="sense-key" value="control%1:06:00::"/>
            <f name="annotator" value="anfahmy"/>
        </fs>
    </a>
    <node xml:id="wn-n227"/>
    <a xml:id="a227" label="sense" ref="wn-n227" as="wn">
        <fs>
            <f name="sense-key" value="control%1:06:00::"/>
            <f name="annotator" value="anfahmy"/>
        </fs>
    </a>
    <node xml:id="wn-n228"/>
    <a xml:id="a228" label="sense" ref="wn-n228" as="wn">
        <fs>
            <f name="sense-key" value="control%1:06:00::"/>
            <f name="annotator" value="anfahmy"/>
        </fs>
    </a>
    <node xml:id="wn-n229"/>
    <a xml:id="a229" label="sense" ref="wn-n229" as="wn">
        <fs>
            <f name="sense-key" value="control%1:24:00::"/>
            <f name="annotator" value="anfahmy"/>
        </fs>
    </a>
    <node xml:id="wn-n23"/>
    <a xml:id="a23" label="sense" ref="wn-n23" as="wn">
        <fs>
            <f name="sense-key" value="rate%1:21:00::"/>
            <f name="annotator" value="sophiavv"/>
        </fs>
    </a>
    <node xml:id="wn-n230"/>
    <a xml:id="a230" label="sense" ref="wn-n230" as="wn">
        <fs>
            <f name="sense-key" value="control%1:24:00::"/>
            <f name="annotator" value="anfahmy"/>
        </fs>
    </a>
    <node xml:id="wn-n231"/>
    <a xml:id="a231" label="sense" ref="wn-n231" as="wn">
        <fs>
            <f name="sense-key" value="control%1:24:00::"/>
            <f name="annotator" value="anfahmy"/>
        </fs>
    </a>
    <node xml:id="wn-n232"/>
    <a xml:id="a232" label="sense" ref="wn-n232" as="wn">
        <fs>
            <f name="sense-key" value="control%1:24:00::"/>
            <f name="annotator" value="anfahmy"/>
        </fs>
    </a>
    <node xml:id="wn-n233"/>
    <a xml:id="a233" label="sense" ref="wn-n233" as="wn">
        <fs>
            <f name="sense-key" value="control%1:24:00::"/>
            <f name="annotator" value="anfahmy"/>
        </fs>
    </a>
    <node xml:id="wn-n234"/>
    <a xml:id="a234" label="sense" ref="wn-n234" as="wn">
        <fs>
            <f name="sense-key" value="combination%1:14:00::"/>
            <f name="annotator" value="vebatchelder"/>
        </fs>
    </a>
    <node xml:id="wn-n235"/>
    <a xml:id="a235" label="sense" ref="wn-n235" as="wn">
        <fs>
            <f name="sense-key" value="combination%1:14:00::"/>
            <f name="annotator" value="anfahmy"/>
        </fs>
    </a>
    <node xml:id="wn-n236"/>
    <a xml:id="a236" label="sense" ref="wn-n236" as="wn">
        <fs>
            <f name="sense-key" value="combination%1:14:00::"/>
            <f name="annotator" value="anfahmy"/>
        </fs>
    </a>
    <node xml:id="wn-n237"/>
    <a xml:id="a237" label="sense" ref="wn-n237" as="wn">
        <fs>
            <f name="sense-key" value="combination%1:14:00::"/>
            <f name="annotator" value="adelpriore"/>
        </fs>
    </a>
    <node xml:id="wn-n238"/>
    <a xml:id="a238" label="sense" ref="wn-n238" as="wn">
        <fs>
            <f name="sense-key" value="combination%1:04:00::"/>
            <f name="annotator" value="adelpriore"/>
        </fs>
    </a>
    <node xml:id="wn-n239"/>
    <a xml:id="a239" label="sense" ref="wn-n239" as="wn">
        <fs>
            <f name="sense-key" value="benefit%1:07:00::"/>
            <f name="annotator" value="vebatchelder"/>
        </fs>
    </a>
    <node xml:id="wn-n24"/>
    <a xml:id="a24" label="sense" ref="wn-n24" as="wn">
        <fs>
            <f name="sense-key" value="power%1:19:01::"/>
            <f name="annotator" value="sophiavv"/>
        </fs>
    </a>
    <node xml:id="wn-n240"/>
    <a xml:id="a240" label="sense" ref="wn-n240" as="wn">
        <fs>
            <f name="sense-key" value="benefit%1:07:00::"/>
            <f name="annotator" value="vebatchelder"/>
        </fs>
    </a>
    <node xml:id="wn-n241"/>
    <a xml:id="a241" label="sense" ref="wn-n241" as="wn">
        <fs>
            <f name="sense-key" value="benefit%1:07:00::"/>
            <f name="annotator" value="vebatchelder"/>
        </fs>
    </a>
    <node xml:id="wn-n242"/>
    <a xml:id="a242" label="sense" ref="wn-n242" as="wn">
        <fs>
            <f name="sense-key" value="benefit%1:07:00::"/>
            <f name="annotator" value="vebatchelder"/>
        </fs>
    </a>
    <node xml:id="wn-n243"/>
    <a xml:id="a243" label="sense" ref="wn-n243" as="wn">
        <fs>
            <f name="sense-key" value="benefit%1:07:00::"/>
            <f name="annotator" value="vebatchelder"/>
        </fs>
    </a>
    <node xml:id="wn-n244"/>
    <a xml:id="a244" label="sense" ref="wn-n244" as="wn">
        <fs>
            <f name="sense-key" value="benefit%1:07:00::"/>
            <f name="annotator" value="vebatchelder"/>
        </fs>
    </a>
    <node xml:id="wn-n245"/>
    <a xml:id="a245" label="sense" ref="wn-n245" as="wn">
        <fs>
            <f name="sense-key" value="benefit%1:07:00::"/>
            <f name="annotator" value="vebatchelder"/>
        </fs>
    </a>
    <node xml:id="wn-n246"/>
    <a xml:id="a246" label="sense" ref="wn-n246" as="wn">
        <fs>
            <f name="sense-key" value="benefit%1:07:00::"/>
            <f name="annotator" value="vebatchelder"/>
        </fs>
    </a>
    <node xml:id="wn-n247"/>
    <a xml:id="a247" label="sense" ref="wn-n247" as="wn">
        <fs>
            <f name="sense-key" value="benefit%1:07:00::"/>
            <f name="annotator" value="anfahmy"/>
        </fs>
    </a>
    <node xml:id="wn-n248"/>
    <a xml:id="a248" label="sense" ref="wn-n248" as="wn">
        <fs>
            <f name="sense-key" value="benefit%1:07:00::"/>
            <f name="annotator" value="anfahmy"/>
        </fs>
    </a>
    <node xml:id="wn-n249"/>
    <a xml:id="a249" label="sense" ref="wn-n249" as="wn">
        <fs>
            <f name="sense-key" value="benefit%1:07:00::"/>
            <f name="annotator" value="anfahmy"/>
        </fs>
    </a>
    <node xml:id="wn-n25"/>
    <a xml:id="a25" label="sense" ref="wn-n25" as="wn">
        <fs>
            <f name="sense-key" value="power%1:19:01::"/>
            <f name="annotator" value="sophiavv"/>
        </fs>
    </a>
    <node xml:id="wn-n250"/>
    <a xml:id="a250" label="sense" ref="wn-n250" as="wn">
        <fs>
            <f name="sense-key" value="benefit%1:07:00::"/>
            <f name="annotator" value="anfahmy"/>
        </fs>
    </a>
    <node xml:id="wn-n251"/>
    <a xml:id="a251" label="sense" ref="wn-n251" as="wn">
        <fs>
            <f name="sense-key" value="benefit%1:07:00::"/>
            <f name="annotator" value="anfahmy"/>
        </fs>
    </a>
    <node xml:id="wn-n252"/>
    <a xml:id="a252" label="sense" ref="wn-n252" as="wn">
        <fs>
            <f name="sense-key" value="benefit%1:07:00::"/>
            <f name="annotator" value="anfahmy"/>
        </fs>
    </a>
    <node xml:id="wn-n253"/>
    <a xml:id="a253" label="sense" ref="wn-n253" as="wn">
        <fs>
            <f name="sense-key" value="benefit%1:07:00::"/>
            <f name="annotator" value="anfahmy"/>
        </fs>
    </a>
    <node xml:id="wn-n254"/>
    <a xml:id="a254" label="sense" ref="wn-n254" as="wn">
        <fs>
            <f name="sense-key" value="benefit%1:07:00::"/>
            <f name="annotator" value="anfahmy"/>
        </fs>
    </a>
    <node xml:id="wn-n255"/>
    <a xml:id="a255" label="sense" ref="wn-n255" as="wn">
        <fs>
            <f name="sense-key" value="benefit%1:07:00::"/>
            <f name="annotator" value="anfahmy"/>
        </fs>
    </a>
    <node xml:id="wn-n256"/>
    <a xml:id="a256" label="sense" ref="wn-n256" as="wn">
        <fs>
            <f name="sense-key" value="benefit%1:07:00::"/>
            <f name="annotator" value="anfahmy"/>
        </fs>
    </a>
    <node xml:id="wn-n257"/>
    <a xml:id="a257" label="sense" ref="wn-n257" as="wn">
        <fs>
            <f name="sense-key" value="benefit%1:07:00::"/>
            <f name="annotator" value="anfahmy"/>
        </fs>
    </a>
    <node xml:id="wn-n258"/>
    <a xml:id="a258" label="sense" ref="wn-n258" as="wn">
        <fs>
            <f name="sense-key" value="benefit%1:07:00::"/>
            <f name="annotator" value="anfahmy"/>
        </fs>
    </a>
    <node xml:id="wn-n259"/>
    <a xml:id="a259" label="sense" ref="wn-n259" as="wn">
        <fs>
            <f name="sense-key" value="benefit%1:07:00::"/>
            <f name="annotator" value="anfahmy"/>
        </fs>
    </a>
    <node xml:id="wn-n26"/>
    <a xml:id="a26" label="sense" ref="wn-n26" as="wn">
        <fs>
            <f name="sense-key" value="power%1:19:01::"/>
            <f name="annotator" value="sophiavv"/>
        </fs>
    </a>
    <node xml:id="wn-n260"/>
    <a xml:id="a260" label="sense" ref="wn-n260" as="wn">
        <fs>
            <f name="sense-key" value="benefit%1:07:00::"/>
            <f name="annotator" value="anfahmy"/>
        </fs>
    </a>
    <node xml:id="wn-n261"/>
    <a xml:id="a261" label="sense" ref="wn-n261" as="wn">
        <fs>
            <f name="sense-key" value="benefit%1:07:00::"/>
            <f name="annotator" value="anfahmy"/>
        </fs>
    </a>
    <node xml:id="wn-n262"/>
    <a xml:id="a262" label="sense" ref="wn-n262" as="wn">
        <fs>
            <f name="sense-key" value="benefit%1:07:00::"/>
            <f name="annotator" value="anfahmy"/>
        </fs>
    </a>
    <node xml:id="wn-n263"/>
    <a xml:id="a263" label="sense" ref="wn-n263" as="wn">
        <fs>
            <f name="sense-key" value="benefit%1:07:00::"/>
            <f name="annotator" value="adelpriore"/>
        </fs>
    </a>
    <node xml:id="wn-n264"/>
    <a xml:id="a264" label="sense" ref="wn-n264" as="wn">
        <fs>
            <f name="sense-key" value="benefit%1:07:00::"/>
            <f name="annotator" value="adelpriore"/>
        </fs>
    </a>
    <node xml:id="wn-n265"/>
    <a xml:id="a265" label="sense" ref="wn-n265" as="wn">
        <fs>
            <f name="sense-key" value="benefit%1:07:00::"/>
            <f name="annotator" value="adelpriore"/>
        </fs>
    </a>
    <node xml:id="wn-n266"/>
    <a xml:id="a266" label="sense" ref="wn-n266" as="wn">
        <fs>
            <f name="sense-key" value="benefit%1:07:00::"/>
            <f name="annotator" value="adelpriore"/>
        </fs>
    </a>
    <node xml:id="wn-n267"/>
    <a xml:id="a267" label="sense" ref="wn-n267" as="wn">
        <fs>
            <f name="sense-key" value="benefit%1:07:00::"/>
            <f name="annotator" value="adelpriore"/>
        </fs>
    </a>
    <node xml:id="wn-n268"/>
    <a xml:id="a268" label="sense" ref="wn-n268" as="wn">
        <fs>
            <f name="sense-key" value="benefit%1:07:00::"/>
            <f name="annotator" value="adelpriore"/>
        </fs>
    </a>
    <node xml:id="wn-n269"/>
    <a xml:id="a269" label="sense" ref="wn-n269" as="wn">
        <fs>
            <f name="sense-key" value="benefit%1:07:00::"/>
            <f name="annotator" value="adelpriore"/>
        </fs>
    </a>
    <node xml:id="wn-n27"/>
    <a xml:id="a27" label="sense" ref="wn-n27" as="wn">
        <fs>
            <f name="sense-key" value="power%1:19:01::"/>
            <f name="annotator" value="sophiavv"/>
        </fs>
    </a>
    <node xml:id="wn-n270"/>
    <a xml:id="a270" label="sense" ref="wn-n270" as="wn">
        <fs>
            <f name="sense-key" value="benefit%1:07:00::"/>
            <f name="annotator" value="adelpriore"/>
        </fs>
    </a>
    <node xml:id="wn-n271"/>
    <a xml:id="a271" label="sense" ref="wn-n271" as="wn">
        <fs>
            <f name="sense-key" value="benefit%1:07:00::"/>
            <f name="annotator" value="adelpriore"/>
        </fs>
    </a>
    <node xml:id="wn-n272"/>
    <a xml:id="a272" label="sense" ref="wn-n272" as="wn">
        <fs>
            <f name="sense-key" value="benefit%1:07:00::"/>
            <f name="annotator" value="adelpriore"/>
        </fs>
    </a>
    <node xml:id="wn-n273"/>
    <a xml:id="a273" label="sense" ref="wn-n273" as="wn">
        <fs>
            <f name="sense-key" value="benefit%1:07:00::"/>
            <f name="annotator" value="adelpriore"/>
        </fs>
    </a>
    <node xml:id="wn-n274"/>
    <a xml:id="a274" label="sense" ref="wn-n274" as="wn">
        <fs>
            <f name="sense-key" value="benefit%1:07:00::"/>
            <f name="annotator" value="adelpriore"/>
        </fs>
    </a>
    <node xml:id="wn-n275"/>
    <a xml:id="a275" label="sense" ref="wn-n275" as="wn">
        <fs>
            <f name="sense-key" value="benefit%1:07:00::"/>
            <f name="annotator" value="adelpriore"/>
        </fs>
    </a>
    <node xml:id="wn-n276"/>
    <a xml:id="a276" label="sense" ref="wn-n276" as="wn">
        <fs>
            <f name="sense-key" value="benefit%1:07:00::"/>
            <f name="annotator" value="adelpriore"/>
        </fs>
    </a>
    <node xml:id="wn-n277"/>
    <a xml:id="a277" label="sense" ref="wn-n277" as="wn">
        <fs>
            <f name="sense-key" value="benefit%1:07:00::"/>
            <f name="annotator" value="adelpriore"/>
        </fs>
    </a>
    <node xml:id="wn-n278"/>
    <a xml:id="a278" label="sense" ref="wn-n278" as="wn">
        <fs>
            <f name="sense-key" value="benefit%1:07:00::"/>
            <f name="annotator" value="adelpriore"/>
        </fs>
    </a>
    <node xml:id="wn-n279"/>
    <a xml:id="a279" label="sense" ref="wn-n279" as="wn">
        <fs>
            <f name="sense-key" value="become%2:30:00::"/>
            <f name="annotator" value="sophiavv"/>
        </fs>
    </a>
    <node xml:id="wn-n28"/>
    <a xml:id="a28" label="sense" ref="wn-n28" as="wn">
        <fs>
            <f name="sense-key" value="power%1:19:01::"/>
            <f name="annotator" value="sophiavv"/>
        </fs>
    </a>
    <node xml:id="wn-n280"/>
    <a xml:id="a280" label="sense" ref="wn-n280" as="wn">
        <fs>
            <f name="sense-key" value="become%2:30:00::"/>
            <f name="annotator" value="sophiavv"/>
        </fs>
    </a>
    <node xml:id="wn-n281"/>
    <a xml:id="a281" label="sense" ref="wn-n281" as="wn">
        <fs>
            <f name="sense-key" value="add%2:40:00::"/>
            <f name="annotator" value="vebatchelder"/>
        </fs>
    </a>
    <node xml:id="wn-n282"/>
    <a xml:id="a282" label="sense" ref="wn-n282" as="wn">
        <fs>
            <f name="sense-key" value="null"/>
            <f name="annotator" value="vebatchelder"/>
        </fs>
    </a>
    <node xml:id="wn-n283"/>
    <a xml:id="a283" label="sense" ref="wn-n283" as="wn">
        <fs>
            <f name="sense-key" value="able%3:00:00::"/>
            <f name="annotator" value="anfahmy"/>
        </fs>
    </a>
    <node xml:id="wn-n284"/>
    <a xml:id="a284" label="sense" ref="wn-n284" as="wn">
        <fs>
            <f name="sense-key" value="able%3:00:00::"/>
            <f name="annotator" value="adelpriore"/>
        </fs>
    </a>
    <node xml:id="wn-n29"/>
    <a xml:id="a29" label="sense" ref="wn-n29" as="wn">
        <fs>
            <f name="sense-key" value="power%1:19:01::"/>
            <f name="annotator" value="sophiavv"/>
        </fs>
    </a>
    <node xml:id="wn-n3"/>
    <a xml:id="a3" label="sense" ref="wn-n3" as="wn">
        <fs>
            <f name="sense-key" value="wait%2:42:01::"/>
            <f name="annotator" value="anfahmy"/>
        </fs>
    </a>
    <node xml:id="wn-n30"/>
    <a xml:id="a30" label="sense" ref="wn-n30" as="wn">
        <fs>
            <f name="sense-key" value="power%1:19:01::"/>
            <f name="annotator" value="sophiavv"/>
        </fs>
    </a>
    <node xml:id="wn-n31"/>
    <a xml:id="a31" label="sense" ref="wn-n31" as="wn">
        <fs>
            <f name="sense-key" value="power%1:19:01::"/>
            <f name="annotator" value="sophiavv"/>
        </fs>
    </a>
    <node xml:id="wn-n32"/>
    <a xml:id="a32" label="sense" ref="wn-n32" as="wn">
        <fs>
            <f name="sense-key" value="power%1:19:01::"/>
            <f name="annotator" value="sophiavv"/>
        </fs>
    </a>
    <node xml:id="wn-n33"/>
    <a xml:id="a33" label="sense" ref="wn-n33" as="wn">
        <fs>
            <f name="sense-key" value="power%1:19:01::"/>
            <f name="annotator" value="sophiavv"/>
        </fs>
    </a>
    <node xml:id="wn-n34"/>
    <a xml:id="a34" label="sense" ref="wn-n34" as="wn">
        <fs>
            <f name="sense-key" value="power%1:19:01::"/>
            <f name="annotator" value="sophiavv"/>
        </fs>
    </a>
    <node xml:id="wn-n35"/>
    <a xml:id="a35" label="sense" ref="wn-n35" as="wn">
        <fs>
            <f name="sense-key" value="power%1:19:01::"/>
            <f name="annotator" value="sophiavv"/>
        </fs>
    </a>
    <node xml:id="wn-n36"/>
    <a xml:id="a36" label="sense" ref="wn-n36" as="wn">
        <fs>
            <f name="sense-key" value="power%1:19:01::"/>
            <f name="annotator" value="sophiavv"/>
        </fs>
    </a>
    <node xml:id="wn-n37"/>
    <a xml:id="a37" label="sense" ref="wn-n37" as="wn">
        <fs>
            <f name="sense-key" value="power%1:19:01::"/>
            <f name="annotator" value="sophiavv"/>
        </fs>
    </a>
    <node xml:id="wn-n38"/>
    <a xml:id="a38" label="sense" ref="wn-n38" as="wn">
        <fs>
            <f name="sense-key" value="power%1:19:01::"/>
            <f name="annotator" value="sophiavv"/>
        </fs>
    </a>
    <node xml:id="wn-n39"/>
    <a xml:id="a39" label="sense" ref="wn-n39" as="wn">
        <fs>
            <f name="sense-key" value="power%1:19:01::"/>
            <f name="annotator" value="sophiavv"/>
        </fs>
    </a>
    <node xml:id="wn-n4"/>
    <a xml:id="a4" label="sense" ref="wn-n4" as="wn">
        <fs>
            <f name="sense-key" value="use%2:34:01::"/>
            <f name="annotator" value="anfahmy"/>
        </fs>
    </a>
    <node xml:id="wn-n40"/>
    <a xml:id="a40" label="sense" ref="wn-n40" as="wn">
        <fs>
            <f name="sense-key" value="power%1:19:01::"/>
            <f name="annotator" value="sophiavv"/>
        </fs>
    </a>
    <node xml:id="wn-n41"/>
    <a xml:id="a41" label="sense" ref="wn-n41" as="wn">
        <fs>
            <f name="sense-key" value="power%1:19:01::"/>
            <f name="annotator" value="sophiavv"/>
        </fs>
    </a>
    <node xml:id="wn-n42"/>
    <a xml:id="a42" label="sense" ref="wn-n42" as="wn">
        <fs>
            <f name="sense-key" value="power%1:19:01::"/>
            <f name="annotator" value="sophiavv"/>
        </fs>
    </a>
    <node xml:id="wn-n43"/>
    <a xml:id="a43" label="sense" ref="wn-n43" as="wn">
        <fs>
            <f name="sense-key" value="power%1:19:01::"/>
            <f name="annotator" value="sophiavv"/>
        </fs>
    </a>
    <node xml:id="wn-n44"/>
    <a xml:id="a44" label="sense" ref="wn-n44" as="wn">
        <fs>
            <f name="sense-key" value="power%1:19:01::"/>
            <f name="annotator" value="sophiavv"/>
        </fs>
    </a>
    <node xml:id="wn-n45"/>
    <a xml:id="a45" label="sense" ref="wn-n45" as="wn">
        <fs>
            <f name="sense-key" value="power%1:19:01::"/>
            <f name="annotator" value="sophiavv"/>
        </fs>
    </a>
    <node xml:id="wn-n46"/>
    <a xml:id="a46" label="sense" ref="wn-n46" as="wn">
        <fs>
            <f name="sense-key" value="power%1:19:01::"/>
            <f name="annotator" value="sophiavv"/>
        </fs>
    </a>
    <node xml:id="wn-n47"/>
    <a xml:id="a47" label="sense" ref="wn-n47" as="wn">
        <fs>
            <f name="sense-key" value="power%1:19:01::"/>
            <f name="annotator" value="sophiavv"/>
        </fs>
    </a>
    <node xml:id="wn-n48"/>
    <a xml:id="a48" label="sense" ref="wn-n48" as="wn">
        <fs>
            <f name="sense-key" value="power%1:19:01::"/>
            <f name="annotator" value="sophiavv"/>
        </fs>
    </a>
    <node xml:id="wn-n49"/>
    <a xml:id="a49" label="sense" ref="wn-n49" as="wn">
        <fs>
            <f name="sense-key" value="power%1:19:01::"/>
            <f name="annotator" value="sophiavv"/>
        </fs>
    </a>
    <node xml:id="wn-n5"/>
    <a xml:id="a5" label="sense" ref="wn-n5" as="wn">
        <fs>
            <f name="sense-key" value="use%2:34:01::"/>
            <f name="annotator" value="anfahmy"/>
        </fs>
    </a>
    <node xml:id="wn-n50"/>
    <a xml:id="a50" label="sense" ref="wn-n50" as="wn">
        <fs>
            <f name="sense-key" value="power%1:19:01::"/>
            <f name="annotator" value="sophiavv"/>
        </fs>
    </a>
    <node xml:id="wn-n51"/>
    <a xml:id="a51" label="sense" ref="wn-n51" as="wn">
        <fs>
            <f name="sense-key" value="power%1:19:01::"/>
            <f name="annotator" value="sophiavv"/>
        </fs>
    </a>
    <node xml:id="wn-n52"/>
    <a xml:id="a52" label="sense" ref="wn-n52" as="wn">
        <fs>
            <f name="sense-key" value="power%1:19:01::"/>
            <f name="annotator" value="sophiavv"/>
        </fs>
    </a>
    <node xml:id="wn-n53"/>
    <a xml:id="a53" label="sense" ref="wn-n53" as="wn">
        <fs>
            <f name="sense-key" value="power%1:19:01::"/>
            <f name="annotator" value="sophiavv"/>
        </fs>
    </a>
    <node xml:id="wn-n54"/>
    <a xml:id="a54" label="sense" ref="wn-n54" as="wn">
        <fs>
            <f name="sense-key" value="power%1:19:01::"/>
            <f name="annotator" value="sophiavv"/>
        </fs>
    </a>
    <node xml:id="wn-n55"/>
    <a xml:id="a55" label="sense" ref="wn-n55" as="wn">
        <fs>
            <f name="sense-key" value="power%1:19:01::"/>
            <f name="annotator" value="sophiavv"/>
        </fs>
    </a>
    <node xml:id="wn-n56"/>
    <a xml:id="a56" label="sense" ref="wn-n56" as="wn">
        <fs>
            <f name="sense-key" value="power%1:19:01::"/>
            <f name="annotator" value="sophiavv"/>
        </fs>
    </a>
    <node xml:id="wn-n57"/>
    <a xml:id="a57" label="sense" ref="wn-n57" as="wn">
        <fs>
            <f name="sense-key" value="particular%5:00:00:primary:00"/>
            <f name="annotator" value="veweser"/>
        </fs>
    </a>
    <node xml:id="wn-n58"/>
    <a xml:id="a58" label="sense" ref="wn-n58" as="wn">
        <fs>
            <f name="sense-key" value="null"/>
            <f name="annotator" value="veweser"/>
        </fs>
    </a>
    <node xml:id="wn-n59"/>
    <a xml:id="a59" label="sense" ref="wn-n59" as="wn">
        <fs>
            <f name="sense-key" value="null"/>
            <f name="annotator" value="cgozo"/>
        </fs>
    </a>
    <node xml:id="wn-n6"/>
    <a xml:id="a6" label="sense" ref="wn-n6" as="wn">
        <fs>
            <f name="sense-key" value="use%2:34:01::"/>
            <f name="annotator" value="anfahmy"/>
        </fs>
    </a>
    <node xml:id="wn-n60"/>
    <a xml:id="a60" label="sense" ref="wn-n60" as="wn">
        <fs>
            <f name="sense-key" value="null"/>
            <f name="annotator" value="cgozo"/>
        </fs>
    </a>
    <node xml:id="wn-n61"/>
    <a xml:id="a61" label="sense" ref="wn-n61" as="wn">
        <fs>
            <f name="sense-key" value="particular%5:00:00:specific:00"/>
            <f name="annotator" value="brubin"/>
        </fs>
    </a>
    <node xml:id="wn-n62"/>
    <a xml:id="a62" label="sense" ref="wn-n62" as="wn">
        <fs>
            <f name="sense-key" value="null"/>
            <f name="annotator" value="brubin"/>
        </fs>
    </a>
    <node xml:id="wn-n63"/>
    <a xml:id="a63" label="sense" ref="wn-n63" as="wn">
        <fs>
            <f name="sense-key" value="particular%5:00:00:primary:00"/>
            <f name="annotator" value="anfahmy"/>
        </fs>
    </a>
    <node xml:id="wn-n64"/>
    <a xml:id="a64" label="sense" ref="wn-n64" as="wn">
        <fs>
            <f name="sense-key" value="particular%5:00:00:uncommon:00"/>
            <f name="annotator" value="anfahmy"/>
        </fs>
    </a>
    <node xml:id="wn-n65"/>
    <a xml:id="a65" label="sense" ref="wn-n65" as="wn">
        <fs>
            <f name="sense-key" value="part%1:15:00::"/>
            <f name="annotator" value="sophiavv"/>
        </fs>
    </a>
    <node xml:id="wn-n66"/>
    <a xml:id="a66" label="sense" ref="wn-n66" as="wn">
        <fs>
            <f name="sense-key" value="null"/>
            <f name="annotator" value="anfahmy"/>
        </fs>
    </a>
    <node xml:id="wn-n67"/>
    <a xml:id="a67" label="sense" ref="wn-n67" as="wn">
        <fs>
            <f name="sense-key" value="level%1:07:00::"/>
            <f name="annotator" value="veweser"/>
        </fs>
    </a>
    <node xml:id="wn-n68"/>
    <a xml:id="a68" label="sense" ref="wn-n68" as="wn">
        <fs>
            <f name="sense-key" value="level%1:07:00::"/>
            <f name="annotator" value="veweser"/>
        </fs>
    </a>
    <node xml:id="wn-n69"/>
    <a xml:id="a69" label="sense" ref="wn-n69" as="wn">
        <fs>
            <f name="sense-key" value="level%1:07:00::"/>
            <f name="annotator" value="veweser"/>
        </fs>
    </a>
    <node xml:id="wn-n7"/>
    <a xml:id="a7" label="sense" ref="wn-n7" as="wn">
        <fs>
            <f name="sense-key" value="success%1:26:00::"/>
            <f name="annotator" value="sophiavv"/>
        </fs>
    </a>
    <node xml:id="wn-n70"/>
    <a xml:id="a70" label="sense" ref="wn-n70" as="wn">
        <fs>
            <f name="sense-key" value="level%1:07:00::"/>
            <f name="annotator" value="veweser"/>
        </fs>
    </a>
    <node xml:id="wn-n71"/>
    <a xml:id="a71" label="sense" ref="wn-n71" as="wn">
        <fs>
            <f name="sense-key" value="level%1:07:00::"/>
            <f name="annotator" value="veweser"/>
        </fs>
    </a>
    <node xml:id="wn-n72"/>
    <a xml:id="a72" label="sense" ref="wn-n72" as="wn">
        <fs>
            <f name="sense-key" value="null"/>
            <f name="annotator" value="veweser"/>
        </fs>
    </a>
    <node xml:id="wn-n73"/>
    <a xml:id="a73" label="sense" ref="wn-n73" as="wn">
        <fs>
            <f name="sense-key" value="level%1:07:00::"/>
            <f name="annotator" value="veweser"/>
        </fs>
    </a>
    <node xml:id="wn-n74"/>
    <a xml:id="a74" label="sense" ref="wn-n74" as="wn">
        <fs>
            <f name="sense-key" value="level%1:07:00::"/>
            <f name="annotator" value="veweser"/>
        </fs>
    </a>
    <node xml:id="wn-n75"/>
    <a xml:id="a75" label="sense" ref="wn-n75" as="wn">
        <fs>
            <f name="sense-key" value="level%1:07:00::"/>
            <f name="annotator" value="veweser"/>
        </fs>
    </a>
    <node xml:id="wn-n76"/>
    <a xml:id="a76" label="sense" ref="wn-n76" as="wn">
        <fs>
            <f name="sense-key" value="level%1:07:00::"/>
            <f name="annotator" value="veweser"/>
        </fs>
    </a>
    <node xml:id="wn-n77"/>
    <a xml:id="a77" label="sense" ref="wn-n77" as="wn">
        <fs>
            <f name="sense-key" value="level%1:26:01::"/>
            <f name="annotator" value="cgozo"/>
        </fs>
    </a>
    <node xml:id="wn-n78"/>
    <a xml:id="a78" label="sense" ref="wn-n78" as="wn">
        <fs>
            <f name="sense-key" value="level%1:07:00::"/>
            <f name="annotator" value="cgozo"/>
        </fs>
    </a>
    <node xml:id="wn-n79"/>
    <a xml:id="a79" label="sense" ref="wn-n79" as="wn">
        <fs>
            <f name="sense-key" value="level%1:07:00::"/>
            <f name="annotator" value="cgozo"/>
        </fs>
    </a>
    <node xml:id="wn-n8"/>
    <a xml:id="a8" label="sense" ref="wn-n8" as="wn">
        <fs>
            <f name="sense-key" value="success%1:26:00::"/>
            <f name="annotator" value="sophiavv"/>
        </fs>
    </a>
    <node xml:id="wn-n80"/>
    <a xml:id="a80" label="sense" ref="wn-n80" as="wn">
        <fs>
            <f name="sense-key" value="level%1:07:00::"/>
            <f name="annotator" value="cgozo"/>
        </fs>
    </a>
    <node xml:id="wn-n81"/>
    <a xml:id="a81" label="sense" ref="wn-n81" as="wn">
        <fs>
            <f name="sense-key" value="level%1:07:00::"/>
            <f name="annotator" value="cgozo"/>
        </fs>
    </a>
    <node xml:id="wn-n82"/>
    <a xml:id="a82" label="sense" ref="wn-n82" as="wn">
        <fs>
            <f name="sense-key" value="level%1:07:00::"/>
            <f name="annotator" value="cgozo"/>
        </fs>
    </a>
    <node xml:id="wn-n83"/>
    <a xml:id="a83" label="sense" ref="wn-n83" as="wn">
        <fs>
            <f name="sense-key" value="level%1:07:00::"/>
            <f name="annotator" value="cgozo"/>
        </fs>
    </a>
    <node xml:id="wn-n84"/>
    <a xml:id="a84" label="sense" ref="wn-n84" as="wn">
        <fs>
            <f name="sense-key" value="level%1:07:00::"/>
            <f name="annotator" value="cgozo"/>
        </fs>
    </a>
    <node xml:id="wn-n85"/>
    <a xml:id="a85" label="sense" ref="wn-n85" as="wn">
        <fs>
            <f name="sense-key" value="level%1:07:00::"/>
            <f name="annotator" value="cgozo"/>
        </fs>
    </a>
    <node xml:id="wn-n86"/>
    <a xml:id="a86" label="sense" ref="wn-n86" as="wn">
        <fs>
            <f name="sense-key" value="level%1:07:00::"/>
            <f name="annotator" value="cgozo"/>
        </fs>
    </a>
    <node xml:id="wn-n87"/>
    <a xml:id="a87" label="sense" ref="wn-n87" as="wn">
        <fs>
            <f name="sense-key" value="level%1:07:00::"/>
            <f name="annotator" value="cgozo"/>
        </fs>
    </a>
    <node xml:id="wn-n88"/>
    <a xml:id="a88" label="sense" ref="wn-n88" as="wn">
        <fs>
            <f name="sense-key" value="level%1:07:00::"/>
            <f name="annotator" value="brubin"/>
        </fs>
    </a>
    <node xml:id="wn-n89"/>
    <a xml:id="a89" label="sense" ref="wn-n89" as="wn">
        <fs>
            <f name="sense-key" value="level%1:26:01::"/>
            <f name="annotator" value="brubin"/>
        </fs>
    </a>
    <node xml:id="wn-n9"/>
    <a xml:id="a9" label="sense" ref="wn-n9" as="wn">
        <fs>
            <f name="sense-key" value="success%1:26:00::"/>
            <f name="annotator" value="sophiavv"/>
        </fs>
    </a>
    <node xml:id="wn-n90"/>
    <a xml:id="a90" label="sense" ref="wn-n90" as="wn">
        <fs>
            <f name="sense-key" value="level%1:26:01::"/>
            <f name="annotator" value="brubin"/>
        </fs>
    </a>
    <node xml:id="wn-n91"/>
    <a xml:id="a91" label="sense" ref="wn-n91" as="wn">
        <fs>
            <f name="sense-key" value="level%1:26:01::"/>
            <f name="annotator" value="brubin"/>
        </fs>
    </a>
    <node xml:id="wn-n92"/>
    <a xml:id="a92" label="sense" ref="wn-n92" as="wn">
        <fs>
            <f name="sense-key" value="level%1:26:01::"/>
            <f name="annotator" value="brubin"/>
        </fs>
    </a>
    <node xml:id="wn-n93"/>
    <a xml:id="a93" label="sense" ref="wn-n93" as="wn">
        <fs>
            <f name="sense-key" value="level%1:26:01::"/>
            <f name="annotator" value="brubin"/>
        </fs>
    </a>
    <node xml:id="wn-n94"/>
    <a xml:id="a94" label="sense" ref="wn-n94" as="wn">
        <fs>
            <f name="sense-key" value="level%1:26:01::"/>
            <f name="annotator" value="brubin"/>
        </fs>
    </a>
    <node xml:id="wn-n95"/>
    <a xml:id="a95" label="sense" ref="wn-n95" as="wn">
        <fs>
            <f name="sense-key" value="level%1:26:01::"/>
            <f name="annotator" value="brubin"/>
        </fs>
    </a>
    <node xml:id="wn-n96"/>
    <a xml:id="a96" label="sense" ref="wn-n96" as="wn">
        <fs>
            <f name="sense-key" value="level%1:26:01::"/>
            <f name="annotator" value="brubin"/>
        </fs>
    </a>
    <node xml:id="wn-n97"/>
    <a xml:id="a97" label="sense" ref="wn-n97" as="wn">
        <fs>
            <f name="sense-key" value="level%1:26:01::"/>
            <f name="annotator" value="brubin"/>
        </fs>
    </a>
    <node xml:id="wn-n98"/>
    <a xml:id="a98" label="sense" ref="wn-n98" as="wn">
        <fs>
            <f name="sense-key" value="level%1:26:00::"/>
            <f name="annotator" value="brubin"/>
        </fs>
    </a>
    <node xml:id="wn-n99"/>
    <a xml:id="a99" label="sense" ref="wn-n99" as="wn">
        <fs>
            <f name="sense-key" value="level%1:07:00::"/>
            <f name="annotator" value="anfahmy"/>
        </fs>
    </a>
    <edge xml:id="e149" from="wn-n149" to="penn-n318"/>
    <edge xml:id="e148" from="wn-n148" to="penn-n2283"/>
    <edge xml:id="e202" from="wn-n202" to="penn-n3862"/>
    <edge xml:id="e201" from="wn-n201" to="penn-n3919"/>
    <edge xml:id="e200" from="wn-n200" to="penn-n4133"/>
    <edge xml:id="e209" from="wn-n209" to="penn-n2268"/>
    <edge xml:id="e207" from="wn-n207" to="penn-n2595"/>
    <edge xml:id="e208" from="wn-n208" to="penn-n2497"/>
    <edge xml:id="e205" from="wn-n205" to="penn-n2965"/>
    <edge xml:id="e206" from="wn-n206" to="penn-n2613"/>
    <edge xml:id="e203" from="wn-n203" to="penn-n3165"/>
    <edge xml:id="e204" from="wn-n204" to="penn-n3136"/>
    <edge xml:id="e142" from="wn-n142" to="penn-n2405"/>
    <edge xml:id="e143" from="wn-n143" to="penn-n4049"/>
    <edge xml:id="e140" from="wn-n140" to="penn-n4090"/>
    <edge xml:id="e141" from="wn-n141" to="penn-n2177"/>
    <edge xml:id="e146" from="wn-n146" to="penn-n2283"/>
    <edge xml:id="e147" from="wn-n147" to="penn-n5169"/>
    <edge xml:id="e144" from="wn-n144" to="penn-n2400"/>
    <edge xml:id="e145" from="wn-n145" to="penn-n5169"/>
    <edge xml:id="e138" from="wn-n138" to="penn-n2079"/>
    <edge xml:id="e137" from="wn-n137" to="penn-n2946"/>
    <edge xml:id="e139" from="wn-n139" to="penn-n3101"/>
    <edge xml:id="e130" from="wn-n130" to="penn-n3061"/>
    <edge xml:id="e131" from="wn-n131" to="penn-n2946"/>
    <edge xml:id="e132" from="wn-n132" to="penn-n2079"/>
    <edge xml:id="e133" from="wn-n133" to="penn-n3061"/>
    <edge xml:id="e134" from="wn-n134" to="penn-n2946"/>
    <edge xml:id="e135" from="wn-n135" to="penn-n2079"/>
    <edge xml:id="e136" from="wn-n136" to="penn-n3061"/>
    <edge xml:id="e19" from="wn-n19" to="penn-n3407"/>
    <edge xml:id="e18" from="wn-n18" to="penn-n3407"/>
    <edge xml:id="e17" from="wn-n17" to="penn-n3407"/>
    <edge xml:id="e129" from="wn-n129" to="penn-n2079"/>
    <edge xml:id="e16" from="wn-n16" to="penn-n1721"/>
    <edge xml:id="e128" from="wn-n128" to="penn-n2946"/>
    <edge xml:id="e15" from="wn-n15" to="penn-n3330"/>
    <edge xml:id="e127" from="wn-n127" to="penn-n3061"/>
    <edge xml:id="e14" from="wn-n14" to="penn-n3330"/>
    <edge xml:id="e126" from="wn-n126" to="penn-n3348"/>
    <edge xml:id="e220" from="wn-n220" to="penn-n4160"/>
    <edge xml:id="e13" from="wn-n13" to="penn-n3330"/>
    <edge xml:id="e12" from="wn-n12" to="penn-n3330"/>
    <edge xml:id="e11" from="wn-n11" to="penn-n3330"/>
    <edge xml:id="e10" from="wn-n10" to="penn-n478"/>
    <edge xml:id="e224" from="wn-n224" to="penn-n3165"/>
    <edge xml:id="e223" from="wn-n223" to="penn-n3862"/>
    <edge xml:id="e222" from="wn-n222" to="penn-n3919"/>
    <edge xml:id="e221" from="wn-n221" to="penn-n4133"/>
    <edge xml:id="e227" from="wn-n227" to="penn-n2613"/>
    <edge xml:id="e228" from="wn-n228" to="penn-n2595"/>
    <edge xml:id="e225" from="wn-n225" to="penn-n3136"/>
    <edge xml:id="e226" from="wn-n226" to="penn-n2965"/>
    <edge xml:id="e229" from="wn-n229" to="penn-n2497"/>
    <edge xml:id="e124" from="wn-n124" to="penn-n5221"/>
    <edge xml:id="e125" from="wn-n125" to="penn-n3874"/>
    <edge xml:id="e122" from="wn-n122" to="penn-n5221"/>
    <edge xml:id="e123" from="wn-n123" to="penn-n3874"/>
    <edge xml:id="e120" from="wn-n120" to="penn-n5221"/>
    <edge xml:id="e121" from="wn-n121" to="penn-n3874"/>
    <edge xml:id="e29" from="wn-n29" to="penn-n4150"/>
    <edge xml:id="e119" from="wn-n119" to="penn-n3874"/>
    <edge xml:id="e26" from="wn-n26" to="penn-n4539"/>
    <edge xml:id="e116" from="wn-n116" to="penn-n5221"/>
    <edge xml:id="e25" from="wn-n25" to="penn-n4926"/>
    <edge xml:id="e115" from="wn-n115" to="penn-n3874"/>
    <edge xml:id="e28" from="wn-n28" to="penn-n4231"/>
    <edge xml:id="e118" from="wn-n118" to="penn-n5221"/>
    <edge xml:id="e27" from="wn-n27" to="penn-n4359"/>
    <edge xml:id="e117" from="wn-n117" to="penn-n3874"/>
    <edge xml:id="e22" from="wn-n22" to="penn-n327"/>
    <edge xml:id="e21" from="wn-n21" to="penn-n3407"/>
    <edge xml:id="e24" from="wn-n24" to="penn-n5262"/>
    <edge xml:id="e23" from="wn-n23" to="penn-n95"/>
    <edge xml:id="e211" from="wn-n211" to="penn-n1986"/>
    <edge xml:id="e210" from="wn-n210" to="penn-n1995"/>
    <edge xml:id="e213" from="wn-n213" to="penn-n3165"/>
    <edge xml:id="e20" from="wn-n20" to="penn-n3407"/>
    <edge xml:id="e212" from="wn-n212" to="penn-n375"/>
    <edge xml:id="e214" from="wn-n214" to="penn-n3136"/>
    <edge xml:id="e215" from="wn-n215" to="penn-n2613"/>
    <edge xml:id="e216" from="wn-n216" to="penn-n2268"/>
    <edge xml:id="e217" from="wn-n217" to="penn-n1995"/>
    <edge xml:id="e218" from="wn-n218" to="penn-n1986"/>
    <edge xml:id="e219" from="wn-n219" to="penn-n375"/>
    <edge xml:id="e111" from="wn-n111" to="penn-n3874"/>
    <edge xml:id="e112" from="wn-n112" to="penn-n5221"/>
    <edge xml:id="e113" from="wn-n113" to="penn-n3874"/>
    <edge xml:id="e114" from="wn-n114" to="penn-n5221"/>
    <edge xml:id="e110" from="wn-n110" to="penn-n5221"/>
    <edge xml:id="e245" from="wn-n245" to="penn-n743"/>
    <edge xml:id="e30" from="wn-n30" to="penn-n3686"/>
    <edge xml:id="e246" from="wn-n246" to="penn-n84"/>
    <edge xml:id="e31" from="wn-n31" to="penn-n3627"/>
    <edge xml:id="e243" from="wn-n243" to="penn-n1115"/>
    <edge xml:id="e244" from="wn-n244" to="penn-n956"/>
    <edge xml:id="e241" from="wn-n241" to="penn-n4382"/>
    <edge xml:id="e34" from="wn-n34" to="penn-n2849"/>
    <edge xml:id="e242" from="wn-n242" to="penn-n4261"/>
    <edge xml:id="e35" from="wn-n35" to="penn-n2782"/>
    <edge xml:id="e32" from="wn-n32" to="penn-n2997"/>
    <edge xml:id="e240" from="wn-n240" to="penn-n4417"/>
    <edge xml:id="e33" from="wn-n33" to="penn-n2867"/>
    <edge xml:id="e38" from="wn-n38" to="penn-n2307"/>
    <edge xml:id="e106" from="wn-n106" to="penn-n4939"/>
    <edge xml:id="e39" from="wn-n39" to="penn-n2246"/>
    <edge xml:id="e107" from="wn-n107" to="penn-n4026"/>
    <edge xml:id="e36" from="wn-n36" to="penn-n2581"/>
    <edge xml:id="e104" from="wn-n104" to="penn-n1123"/>
    <edge xml:id="e37" from="wn-n37" to="penn-n2569"/>
    <edge xml:id="e105" from="wn-n105" to="penn-n4034"/>
    <edge xml:id="e108" from="wn-n108" to="penn-n3363"/>
    <edge xml:id="e109" from="wn-n109" to="penn-n5297"/>
    <edge xml:id="e103" from="wn-n103" to="penn-n4333"/>
    <edge xml:id="e102" from="wn-n102" to="penn-n5048"/>
    <edge xml:id="e101" from="wn-n101" to="penn-n4083"/>
    <edge xml:id="e100" from="wn-n100" to="penn-n4508"/>
    <edge xml:id="e249" from="wn-n249" to="penn-n4382"/>
    <edge xml:id="e248" from="wn-n248" to="penn-n4417"/>
    <edge xml:id="e247" from="wn-n247" to="penn-n4965"/>
    <edge xml:id="e232" from="wn-n232" to="penn-n1986"/>
    <edge xml:id="e233" from="wn-n233" to="penn-n375"/>
    <edge xml:id="e40" from="wn-n40" to="penn-n2204"/>
    <edge xml:id="e234" from="wn-n234" to="penn-n345"/>
    <edge xml:id="e41" from="wn-n41" to="penn-n2193"/>
    <edge xml:id="e235" from="wn-n235" to="penn-n345"/>
    <edge xml:id="e42" from="wn-n42" to="penn-n2072"/>
    <edge xml:id="e43" from="wn-n43" to="penn-n1960"/>
    <edge xml:id="e44" from="wn-n44" to="penn-n1872"/>
    <edge xml:id="e230" from="wn-n230" to="penn-n2268"/>
    <edge xml:id="e45" from="wn-n45" to="penn-n1660"/>
    <edge xml:id="e231" from="wn-n231" to="penn-n1995"/>
    <edge xml:id="e46" from="wn-n46" to="penn-n1616"/>
    <edge xml:id="e47" from="wn-n47" to="penn-n1597"/>
    <edge xml:id="e48" from="wn-n48" to="penn-n1571"/>
    <edge xml:id="e49" from="wn-n49" to="penn-n1375"/>
    <edge xml:id="e9" from="wn-n9" to="penn-n1361"/>
    <edge xml:id="e8" from="wn-n8" to="penn-n2824"/>
    <edge xml:id="e7" from="wn-n7" to="penn-n3090"/>
    <edge xml:id="e6" from="wn-n6" to="penn-n884"/>
    <edge xml:id="e5" from="wn-n5" to="penn-n3349"/>
    <edge xml:id="e3" from="wn-n3" to="penn-n4973"/>
    <edge xml:id="e4" from="wn-n4" to="penn-n4806"/>
    <edge xml:id="e1" from="wn-n1" to="penn-n4973"/>
    <edge xml:id="e2" from="wn-n2" to="penn-n4973"/>
    <edge xml:id="e0" from="wn-n0" to="penn-n4973"/>
    <edge xml:id="e237" from="wn-n237" to="penn-n345"/>
    <edge xml:id="e236" from="wn-n236" to="penn-n345"/>
    <edge xml:id="e239" from="wn-n239" to="penn-n4965"/>
    <edge xml:id="e238" from="wn-n238" to="penn-n345"/>
    <edge xml:id="e263" from="wn-n263" to="penn-n4965"/>
    <edge xml:id="e56" from="wn-n56" to="penn-n58"/>
    <edge xml:id="e264" from="wn-n264" to="penn-n4417"/>
    <edge xml:id="e57" from="wn-n57" to="penn-n3636"/>
    <edge xml:id="e261" from="wn-n261" to="penn-n743"/>
    <edge xml:id="e54" from="wn-n54" to="penn-n247"/>
    <edge xml:id="e262" from="wn-n262" to="penn-n84"/>
    <edge xml:id="e55" from="wn-n55" to="penn-n133"/>
    <edge xml:id="e267" from="wn-n267" to="penn-n1115"/>
    <edge xml:id="e52" from="wn-n52" to="penn-n378"/>
    <edge xml:id="e268" from="wn-n268" to="penn-n956"/>
    <edge xml:id="e53" from="wn-n53" to="penn-n273"/>
    <edge xml:id="e265" from="wn-n265" to="penn-n4382"/>
    <edge xml:id="e50" from="wn-n50" to="penn-n1170"/>
    <edge xml:id="e266" from="wn-n266" to="penn-n4261"/>
    <edge xml:id="e51" from="wn-n51" to="penn-n1083"/>
    <edge xml:id="e260" from="wn-n260" to="penn-n956"/>
    <edge xml:id="e58" from="wn-n58" to="penn-n3636"/>
    <edge xml:id="e59" from="wn-n59" to="penn-n3636"/>
    <edge xml:id="e60" from="wn-n60" to="penn-n3636"/>
    <edge xml:id="e269" from="wn-n269" to="penn-n743"/>
    <edge xml:id="e250" from="wn-n250" to="penn-n4261"/>
    <edge xml:id="e65" from="wn-n65" to="penn-n2341"/>
    <edge xml:id="e251" from="wn-n251" to="penn-n1115"/>
    <edge xml:id="e66" from="wn-n66" to="penn-n773"/>
    <edge xml:id="e252" from="wn-n252" to="penn-n956"/>
    <edge xml:id="e67" from="wn-n67" to="penn-n1100"/>
    <edge xml:id="e253" from="wn-n253" to="penn-n743"/>
    <edge xml:id="e68" from="wn-n68" to="penn-n4508"/>
    <edge xml:id="e254" from="wn-n254" to="penn-n84"/>
    <edge xml:id="e61" from="wn-n61" to="penn-n3636"/>
    <edge xml:id="e255" from="wn-n255" to="penn-n4965"/>
    <edge xml:id="e62" from="wn-n62" to="penn-n3636"/>
    <edge xml:id="e256" from="wn-n256" to="penn-n4417"/>
    <edge xml:id="e63" from="wn-n63" to="penn-n3636"/>
    <edge xml:id="e257" from="wn-n257" to="penn-n4382"/>
    <edge xml:id="e64" from="wn-n64" to="penn-n3636"/>
    <edge xml:id="e69" from="wn-n69" to="penn-n4083"/>
    <edge xml:id="e259" from="wn-n259" to="penn-n1115"/>
    <edge xml:id="e258" from="wn-n258" to="penn-n4261"/>
    <edge xml:id="e71" from="wn-n71" to="penn-n4333"/>
    <edge xml:id="e70" from="wn-n70" to="penn-n5048"/>
    <edge xml:id="e92" from="wn-n92" to="penn-n5048"/>
    <edge xml:id="e93" from="wn-n93" to="penn-n4333"/>
    <edge xml:id="e90" from="wn-n90" to="penn-n4508"/>
    <edge xml:id="e159" from="wn-n159" to="penn-n3919"/>
    <edge xml:id="e91" from="wn-n91" to="penn-n4083"/>
    <edge xml:id="e150" from="wn-n150" to="penn-n3165"/>
    <edge xml:id="e154" from="wn-n154" to="penn-n1995"/>
    <edge xml:id="e89" from="wn-n89" to="penn-n1100"/>
    <edge xml:id="e153" from="wn-n153" to="penn-n2268"/>
    <edge xml:id="e88" from="wn-n88" to="penn-n4190"/>
    <edge xml:id="e152" from="wn-n152" to="penn-n2613"/>
    <edge xml:id="e87" from="wn-n87" to="penn-n3363"/>
    <edge xml:id="e151" from="wn-n151" to="penn-n3136"/>
    <edge xml:id="e86" from="wn-n86" to="penn-n4026"/>
    <edge xml:id="e158" from="wn-n158" to="penn-n4133"/>
    <edge xml:id="e85" from="wn-n85" to="penn-n4939"/>
    <edge xml:id="e157" from="wn-n157" to="penn-n4160"/>
    <edge xml:id="e84" from="wn-n84" to="penn-n4034"/>
    <edge xml:id="e156" from="wn-n156" to="penn-n375"/>
    <edge xml:id="e83" from="wn-n83" to="penn-n1123"/>
    <edge xml:id="e155" from="wn-n155" to="penn-n1986"/>
    <edge xml:id="e80" from="wn-n80" to="penn-n4083"/>
    <edge xml:id="e81" from="wn-n81" to="penn-n5048"/>
    <edge xml:id="e82" from="wn-n82" to="penn-n4333"/>
    <edge xml:id="e161" from="wn-n161" to="penn-n3165"/>
    <edge xml:id="e160" from="wn-n160" to="penn-n3862"/>
    <edge xml:id="e77" from="wn-n77" to="penn-n587"/>
    <edge xml:id="e163" from="wn-n163" to="penn-n2965"/>
    <edge xml:id="e76" from="wn-n76" to="penn-n3363"/>
    <edge xml:id="e162" from="wn-n162" to="penn-n3136"/>
    <edge xml:id="e79" from="wn-n79" to="penn-n4508"/>
    <edge xml:id="e165" from="wn-n165" to="penn-n2595"/>
    <edge xml:id="e78" from="wn-n78" to="penn-n1100"/>
    <edge xml:id="e164" from="wn-n164" to="penn-n2613"/>
    <edge xml:id="e73" from="wn-n73" to="penn-n4034"/>
    <edge xml:id="e167" from="wn-n167" to="penn-n2268"/>
    <edge xml:id="e72" from="wn-n72" to="penn-n1123"/>
    <edge xml:id="e166" from="wn-n166" to="penn-n2497"/>
    <edge xml:id="e75" from="wn-n75" to="penn-n4026"/>
    <edge xml:id="e169" from="wn-n169" to="penn-n1986"/>
    <edge xml:id="e74" from="wn-n74" to="penn-n4939"/>
    <edge xml:id="e168" from="wn-n168" to="penn-n1995"/>
    <edge xml:id="e275" from="wn-n275" to="penn-n1115"/>
    <edge xml:id="e172" from="wn-n172" to="penn-n3136"/>
    <edge xml:id="e274" from="wn-n274" to="penn-n4261"/>
    <edge xml:id="e171" from="wn-n171" to="penn-n3165"/>
    <edge xml:id="e273" from="wn-n273" to="penn-n4382"/>
    <edge xml:id="e170" from="wn-n170" to="penn-n375"/>
    <edge xml:id="e272" from="wn-n272" to="penn-n4417"/>
    <edge xml:id="e279" from="wn-n279" to="penn-n3154"/>
    <edge xml:id="e278" from="wn-n278" to="penn-n84"/>
    <edge xml:id="e277" from="wn-n277" to="penn-n743"/>
    <edge xml:id="e276" from="wn-n276" to="penn-n956"/>
    <edge xml:id="e179" from="wn-n179" to="penn-n4133"/>
    <edge xml:id="e178" from="wn-n178" to="penn-n4160"/>
    <edge xml:id="e177" from="wn-n177" to="penn-n375"/>
    <edge xml:id="e271" from="wn-n271" to="penn-n4965"/>
    <edge xml:id="e176" from="wn-n176" to="penn-n1986"/>
    <edge xml:id="e270" from="wn-n270" to="penn-n84"/>
    <edge xml:id="e175" from="wn-n175" to="penn-n1995"/>
    <edge xml:id="e174" from="wn-n174" to="penn-n2268"/>
    <edge xml:id="e173" from="wn-n173" to="penn-n2613"/>
    <edge xml:id="e284" from="wn-n284" to="penn-n4154"/>
    <edge xml:id="e181" from="wn-n181" to="penn-n3862"/>
    <edge xml:id="e283" from="wn-n283" to="penn-n4154"/>
    <edge xml:id="e180" from="wn-n180" to="penn-n3919"/>
    <edge xml:id="e183" from="wn-n183" to="penn-n3136"/>
    <edge xml:id="e182" from="wn-n182" to="penn-n3165"/>
    <edge xml:id="e95" from="wn-n95" to="penn-n4034"/>
    <edge xml:id="e189" from="wn-n189" to="penn-n1995"/>
    <edge xml:id="e94" from="wn-n94" to="penn-n1123"/>
    <edge xml:id="e188" from="wn-n188" to="penn-n2268"/>
    <edge xml:id="e97" from="wn-n97" to="penn-n4026"/>
    <edge xml:id="e96" from="wn-n96" to="penn-n4939"/>
    <edge xml:id="e280" from="wn-n280" to="penn-n2615"/>
    <edge xml:id="e99" from="wn-n99" to="penn-n1100"/>
    <edge xml:id="e185" from="wn-n185" to="penn-n2613"/>
    <edge xml:id="e98" from="wn-n98" to="penn-n3363"/>
    <edge xml:id="e184" from="wn-n184" to="penn-n2965"/>
    <edge xml:id="e282" from="wn-n282" to="penn-n211"/>
    <edge xml:id="e187" from="wn-n187" to="penn-n2497"/>
    <edge xml:id="e281" from="wn-n281" to="penn-n435"/>
    <edge xml:id="e186" from="wn-n186" to="penn-n2595"/>
    <edge xml:id="e197" from="wn-n197" to="penn-n1986"/>
    <edge xml:id="e198" from="wn-n198" to="penn-n375"/>
    <edge xml:id="e195" from="wn-n195" to="penn-n2268"/>
    <edge xml:id="e196" from="wn-n196" to="penn-n1995"/>
    <edge xml:id="e199" from="wn-n199" to="penn-n4160"/>
    <edge xml:id="e190" from="wn-n190" to="penn-n1986"/>
    <edge xml:id="e193" from="wn-n193" to="penn-n3136"/>
    <edge xml:id="e194" from="wn-n194" to="penn-n2613"/>
    <edge xml:id="e191" from="wn-n191" to="penn-n375"/>
    <edge xml:id="e192" from="wn-n192" to="penn-n3165"/>
</graph>
