<?xml version="1.0" encoding="UTF-8"?>
<graph xmlns="http://www.xces.org/ns/GrAF/1.0/">
    <graphHeader>
        <labelsDecl>
            <labelUsage label="sense" occurs="36"/>
        </labelsDecl>
        <dependencies>
            <dependsOn type="1-3_meth_901-penn.xml"/>
        </dependencies>
        <annotationSpaces>
            <annotationSpace name="wn" type="http://wordnet.princeton.edu/"/>
        </annotationSpaces>
    </graphHeader>
    <node xml:id="wn-n0"/>
    <a xml:id="a0" label="sense" ref="wn-n0" as="wn">
        <fs>
            <f name="sense-key" value="warm%3:00:01::"/>
            <f name="annotator" value="veweser"/>
        </fs>
    </a>
    <node xml:id="wn-n1"/>
    <a xml:id="a1" label="sense" ref="wn-n1" as="wn">
        <fs>
            <f name="sense-key" value="use%2:34:01::"/>
            <f name="annotator" value="jeneale"/>
        </fs>
    </a>
    <node xml:id="wn-n10"/>
    <a xml:id="a10" label="sense" ref="wn-n10" as="wn">
        <fs>
            <f name="sense-key" value="officer%1:18:02::"/>
            <f name="annotator" value="cgozo"/>
        </fs>
    </a>
    <node xml:id="wn-n11"/>
    <a xml:id="a11" label="sense" ref="wn-n11" as="wn">
        <fs>
            <f name="sense-key" value="officer%1:18:02::"/>
            <f name="annotator" value="brubin"/>
        </fs>
    </a>
    <node xml:id="wn-n12"/>
    <a xml:id="a12" label="sense" ref="wn-n12" as="wn">
        <fs>
            <f name="sense-key" value="life%1:28:00::"/>
            <f name="annotator" value="veweser"/>
        </fs>
    </a>
    <node xml:id="wn-n13"/>
    <a xml:id="a13" label="sense" ref="wn-n13" as="wn">
        <fs>
            <f name="sense-key" value="null"/>
            <f name="annotator" value="jeneale"/>
        </fs>
    </a>
    <node xml:id="wn-n14"/>
    <a xml:id="a14" label="sense" ref="wn-n14" as="wn">
        <fs>
            <f name="sense-key" value="high%3:00:02::"/>
            <f name="annotator" value="brubin"/>
        </fs>
    </a>
    <node xml:id="wn-n15"/>
    <a xml:id="a15" label="sense" ref="wn-n15" as="wn">
        <fs>
            <f name="sense-key" value="full%5:00:00:complete:00"/>
            <f name="annotator" value="cgozo"/>
        </fs>
    </a>
    <node xml:id="wn-n16"/>
    <a xml:id="a16" label="sense" ref="wn-n16" as="wn">
        <fs>
            <f name="sense-key" value="full%5:00:00:ample:00"/>
            <f name="annotator" value="cgozo"/>
        </fs>
    </a>
    <node xml:id="wn-n17"/>
    <a xml:id="a17" label="sense" ref="wn-n17" as="wn">
        <fs>
            <f name="sense-key" value="full%5:00:01:whole:00"/>
            <f name="annotator" value="brubin"/>
        </fs>
    </a>
    <node xml:id="wn-n18"/>
    <a xml:id="a18" label="sense" ref="wn-n18" as="wn">
        <fs>
            <f name="sense-key" value="full%5:00:01:whole:00"/>
            <f name="annotator" value="anfahmy"/>
        </fs>
    </a>
    <node xml:id="wn-n19"/>
    <a xml:id="a19" label="sense" ref="wn-n19" as="wn">
        <fs>
            <f name="sense-key" value="find%2:39:02::"/>
            <f name="annotator" value="anfahmy"/>
        </fs>
    </a>
    <node xml:id="wn-n2"/>
    <a xml:id="a2" label="sense" ref="wn-n2" as="wn">
        <fs>
            <f name="sense-key" value="transfer%2:40:01::"/>
            <f name="annotator" value="tofox"/>
        </fs>
    </a>
    <node xml:id="wn-n20"/>
    <a xml:id="a20" label="sense" ref="wn-n20" as="wn">
        <fs>
            <f name="sense-key" value="familiar%5:00:00:informed:00"/>
            <f name="annotator" value="jeneale"/>
        </fs>
    </a>
    <node xml:id="wn-n21"/>
    <a xml:id="a21" label="sense" ref="wn-n21" as="wn">
        <fs>
            <f name="sense-key" value="familiar%5:00:00:informed:00"/>
            <f name="annotator" value="comcgeetubb"/>
        </fs>
    </a>
    <node xml:id="wn-n22"/>
    <a xml:id="a22" label="sense" ref="wn-n22" as="wn">
        <fs>
            <f name="sense-key" value="chance%1:07:00::"/>
            <f name="annotator" value="veweser"/>
        </fs>
    </a>
    <node xml:id="wn-n23"/>
    <a xml:id="a23" label="sense" ref="wn-n23" as="wn">
        <fs>
            <f name="sense-key" value="chance%1:07:00::"/>
            <f name="annotator" value="veweser"/>
        </fs>
    </a>
    <node xml:id="wn-n24"/>
    <a xml:id="a24" label="sense" ref="wn-n24" as="wn">
        <fs>
            <f name="sense-key" value="null"/>
            <f name="annotator" value="tofox"/>
        </fs>
    </a>
    <node xml:id="wn-n25"/>
    <a xml:id="a25" label="sense" ref="wn-n25" as="wn">
        <fs>
            <f name="sense-key" value="null"/>
            <f name="annotator" value="tofox"/>
        </fs>
    </a>
    <node xml:id="wn-n26"/>
    <a xml:id="a26" label="sense" ref="wn-n26" as="wn">
        <fs>
            <f name="sense-key" value="chance%1:04:00::"/>
            <f name="annotator" value="tofox"/>
        </fs>
    </a>
    <node xml:id="wn-n27"/>
    <a xml:id="a27" label="sense" ref="wn-n27" as="wn">
        <fs>
            <f name="sense-key" value="chance%1:07:00::"/>
            <f name="annotator" value="jeneale"/>
        </fs>
    </a>
    <node xml:id="wn-n28"/>
    <a xml:id="a28" label="sense" ref="wn-n28" as="wn">
        <fs>
            <f name="sense-key" value="chance%1:07:00::"/>
            <f name="annotator" value="jeneale"/>
        </fs>
    </a>
    <node xml:id="wn-n29"/>
    <a xml:id="a29" label="sense" ref="wn-n29" as="wn">
        <fs>
            <f name="sense-key" value="chance%1:07:00::"/>
            <f name="annotator" value="comcgeetubb"/>
        </fs>
    </a>
    <node xml:id="wn-n3"/>
    <a xml:id="a3" label="sense" ref="wn-n3" as="wn">
        <fs>
            <f name="sense-key" value="strong%5:00:00:intense:00"/>
            <f name="annotator" value="anfahmy"/>
        </fs>
    </a>
    <node xml:id="wn-n30"/>
    <a xml:id="a30" label="sense" ref="wn-n30" as="wn">
        <fs>
            <f name="sense-key" value="chance%1:07:00::"/>
            <f name="annotator" value="comcgeetubb"/>
        </fs>
    </a>
    <node xml:id="wn-n31"/>
    <a xml:id="a31" label="sense" ref="wn-n31" as="wn">
        <fs>
            <f name="sense-key" value="chance%1:07:00::"/>
            <f name="annotator" value="comcgeetubb"/>
        </fs>
    </a>
    <node xml:id="wn-n32"/>
    <a xml:id="a32" label="sense" ref="wn-n32" as="wn">
        <fs>
            <f name="sense-key" value="null"/>
            <f name="annotator" value="chisom"/>
        </fs>
    </a>
    <node xml:id="wn-n33"/>
    <a xml:id="a33" label="sense" ref="wn-n33" as="wn">
        <fs>
            <f name="sense-key" value="null"/>
            <f name="annotator" value="chisom"/>
        </fs>
    </a>
    <node xml:id="wn-n34"/>
    <a xml:id="a34" label="sense" ref="wn-n34" as="wn">
        <fs>
            <f name="sense-key" value="chance%1:07:00::"/>
            <f name="annotator" value="carichter"/>
        </fs>
    </a>
    <node xml:id="wn-n35"/>
    <a xml:id="a35" label="sense" ref="wn-n35" as="wn">
        <fs>
            <f name="sense-key" value="chance%1:07:00::"/>
            <f name="annotator" value="carichter"/>
        </fs>
    </a>
    <node xml:id="wn-n4"/>
    <a xml:id="a4" label="sense" ref="wn-n4" as="wn">
        <fs>
            <f name="sense-key" value="recommend%2:32:01::"/>
            <f name="annotator" value="vebatchelder"/>
        </fs>
    </a>
    <node xml:id="wn-n5"/>
    <a xml:id="a5" label="sense" ref="wn-n5" as="wn">
        <fs>
            <f name="sense-key" value="recommend%2:32:01::"/>
            <f name="annotator" value="anfahmy"/>
        </fs>
    </a>
    <node xml:id="wn-n6"/>
    <a xml:id="a6" label="sense" ref="wn-n6" as="wn">
        <fs>
            <f name="sense-key" value="recommend%2:32:01::"/>
            <f name="annotator" value="anfahmy"/>
        </fs>
    </a>
    <node xml:id="wn-n7"/>
    <a xml:id="a7" label="sense" ref="wn-n7" as="wn">
        <fs>
            <f name="sense-key" value="recommend%2:32:01::"/>
            <f name="annotator" value="adelpriore"/>
        </fs>
    </a>
    <node xml:id="wn-n8"/>
    <a xml:id="a8" label="sense" ref="wn-n8" as="wn">
        <fs>
            <f name="sense-key" value="rapid%5:00:00:fast:01"/>
            <f name="annotator" value="comcgeetubb"/>
        </fs>
    </a>
    <node xml:id="wn-n9"/>
    <a xml:id="a9" label="sense" ref="wn-n9" as="wn">
        <fs>
            <f name="sense-key" value="particular%5:00:02:specific:00"/>
            <f name="annotator" value="cgozo"/>
        </fs>
    </a>
    <edge xml:id="e30" from="wn-n30" to="penn-n2933"/>
    <edge xml:id="e31" from="wn-n31" to="penn-n2933"/>
    <edge xml:id="e19" from="wn-n19" to="penn-n1344"/>
    <edge xml:id="e18" from="wn-n18" to="penn-n376"/>
    <edge xml:id="e34" from="wn-n34" to="penn-n2933"/>
    <edge xml:id="e17" from="wn-n17" to="penn-n1419"/>
    <edge xml:id="e35" from="wn-n35" to="penn-n2933"/>
    <edge xml:id="e16" from="wn-n16" to="penn-n1963"/>
    <edge xml:id="e32" from="wn-n32" to="penn-n2813"/>
    <edge xml:id="e15" from="wn-n15" to="penn-n720"/>
    <edge xml:id="e33" from="wn-n33" to="penn-n2933"/>
    <edge xml:id="e14" from="wn-n14" to="penn-n2851"/>
    <edge xml:id="e13" from="wn-n13" to="penn-n377"/>
    <edge xml:id="e12" from="wn-n12" to="penn-n511"/>
    <edge xml:id="e11" from="wn-n11" to="penn-n2985"/>
    <edge xml:id="e10" from="wn-n10" to="penn-n2985"/>
    <edge xml:id="e29" from="wn-n29" to="penn-n2813"/>
    <edge xml:id="e26" from="wn-n26" to="penn-n2933"/>
    <edge xml:id="e25" from="wn-n25" to="penn-n2933"/>
    <edge xml:id="e28" from="wn-n28" to="penn-n2933"/>
    <edge xml:id="e27" from="wn-n27" to="penn-n2933"/>
    <edge xml:id="e22" from="wn-n22" to="penn-n2933"/>
    <edge xml:id="e21" from="wn-n21" to="penn-n3488"/>
    <edge xml:id="e24" from="wn-n24" to="penn-n2813"/>
    <edge xml:id="e9" from="wn-n9" to="penn-n2462"/>
    <edge xml:id="e23" from="wn-n23" to="penn-n2933"/>
    <edge xml:id="e8" from="wn-n8" to="penn-n747"/>
    <edge xml:id="e7" from="wn-n7" to="penn-n2536"/>
    <edge xml:id="e6" from="wn-n6" to="penn-n2536"/>
    <edge xml:id="e20" from="wn-n20" to="penn-n3488"/>
    <edge xml:id="e5" from="wn-n5" to="penn-n3380"/>
    <edge xml:id="e3" from="wn-n3" to="penn-n3528"/>
    <edge xml:id="e4" from="wn-n4" to="penn-n2186"/>
    <edge xml:id="e1" from="wn-n1" to="penn-n1856"/>
    <edge xml:id="e2" from="wn-n2" to="penn-n2627"/>
    <edge xml:id="e0" from="wn-n0" to="penn-n647"/>
</graph>
