<?xml version="1.0" encoding="UTF-8"?>
<graph xmlns="http://www.xces.org/ns/GrAF/1.0/">
    <graphHeader>
        <labelsDecl>
            <labelUsage label="sense" occurs="11"/>
        </labelsDecl>
        <dependencies>
            <dependsOn type="530C-L219-penn.xml"/>
        </dependencies>
        <annotationSpaces>
            <annotationSpace name="wn" type="http://wordnet.princeton.edu/"/>
        </annotationSpaces>
    </graphHeader>
    <node xml:id="wn-n0"/>
    <a xml:id="a0" label="sense" ref="wn-n0" as="wn">
        <fs>
            <f name="sense-key" value="time%1:28:00::"/>
            <f name="annotator" value="kaolla"/>
        </fs>
    </a>
    <node xml:id="wn-n1"/>
    <a xml:id="a1" label="sense" ref="wn-n1" as="wn">
        <fs>
            <f name="sense-key" value="time%1:28:00::"/>
            <f name="annotator" value="carichter"/>
        </fs>
    </a>
    <node xml:id="wn-n10"/>
    <a xml:id="a10" label="sense" ref="wn-n10" as="wn">
        <fs>
            <f name="sense-key" value="benefit%1:21:00::"/>
            <f name="annotator" value="anfahmy"/>
        </fs>
    </a>
    <node xml:id="wn-n2"/>
    <a xml:id="a2" label="sense" ref="wn-n2" as="wn">
        <fs>
            <f name="sense-key" value="time%1:28:00::"/>
            <f name="annotator" value="carichter"/>
        </fs>
    </a>
    <node xml:id="wn-n3"/>
    <a xml:id="a3" label="sense" ref="wn-n3" as="wn">
        <fs>
            <f name="sense-key" value="time%1:28:00::"/>
            <f name="annotator" value="carichter"/>
        </fs>
    </a>
    <node xml:id="wn-n4"/>
    <a xml:id="a4" label="sense" ref="wn-n4" as="wn">
        <fs>
            <f name="sense-key" value="state%1:15:01::"/>
            <f name="annotator" value="brubin"/>
        </fs>
    </a>
    <node xml:id="wn-n5"/>
    <a xml:id="a5" label="sense" ref="wn-n5" as="wn">
        <fs>
            <f name="sense-key" value="part%1:24:00::"/>
            <f name="annotator" value="veweser"/>
        </fs>
    </a>
    <node xml:id="wn-n6"/>
    <a xml:id="a6" label="sense" ref="wn-n6" as="wn">
        <fs>
            <f name="sense-key" value="null"/>
            <f name="annotator" value="tofox"/>
        </fs>
    </a>
    <node xml:id="wn-n7"/>
    <a xml:id="a7" label="sense" ref="wn-n7" as="wn">
        <fs>
            <f name="sense-key" value="long%3:00:02::"/>
            <f name="annotator" value="cgozo"/>
        </fs>
    </a>
    <node xml:id="wn-n8"/>
    <a xml:id="a8" label="sense" ref="wn-n8" as="wn">
        <fs>
            <f name="sense-key" value="live%2:42:08::"/>
            <f name="annotator" value="cgozo"/>
        </fs>
    </a>
    <node xml:id="wn-n9"/>
    <a xml:id="a9" label="sense" ref="wn-n9" as="wn">
        <fs>
            <f name="sense-key" value="null"/>
            <f name="annotator" value="veweser"/>
        </fs>
    </a>
    <edge xml:id="e3" from="wn-n3" to="penn-n455"/>
    <edge xml:id="e4" from="wn-n4" to="penn-n287"/>
    <edge xml:id="e1" from="wn-n1" to="penn-n12"/>
    <edge xml:id="e2" from="wn-n2" to="penn-n77"/>
    <edge xml:id="e0" from="wn-n0" to="penn-n12"/>
    <edge xml:id="e10" from="wn-n10" to="penn-n710"/>
    <edge xml:id="e9" from="wn-n9" to="penn-n40"/>
    <edge xml:id="e8" from="wn-n8" to="penn-n390"/>
    <edge xml:id="e7" from="wn-n7" to="penn-n11"/>
    <edge xml:id="e6" from="wn-n6" to="penn-n15"/>
    <edge xml:id="e5" from="wn-n5" to="penn-n15"/>
</graph>
