<?xml version="1.0" encoding="UTF-8"?>
<graph xmlns="http://www.xces.org/ns/GrAF/1.0/">
    <graphHeader>
        <labelsDecl>
            <labelUsage label="sense" occurs="339"/>
        </labelsDecl>
        <dependencies>
            <dependsOn type="pirates-penn.xml"/>
        </dependencies>
        <annotationSpaces>
            <annotationSpace name="wn" type="http://wordnet.princeton.edu/"/>
        </annotationSpaces>
    </graphHeader>
    <node xml:id="wn-n0"/>
    <a xml:id="a0" label="sense" ref="wn-n0" as="wn">
        <fs>
            <f name="sense-key" value="wait%2:42:00::"/>
            <f name="annotator" value="veweser"/>
        </fs>
    </a>
    <node xml:id="wn-n1"/>
    <a xml:id="a1" label="sense" ref="wn-n1" as="wn">
        <fs>
            <f name="sense-key" value="wait%2:42:00::"/>
            <f name="annotator" value="veweser"/>
        </fs>
    </a>
    <node xml:id="wn-n10"/>
    <a xml:id="a10" label="sense" ref="wn-n10" as="wn">
        <fs>
            <f name="sense-key" value="wait%2:42:00::"/>
            <f name="annotator" value="veweser"/>
        </fs>
    </a>
    <node xml:id="wn-n100"/>
    <a xml:id="a100" label="sense" ref="wn-n100" as="wn">
        <fs>
            <f name="sense-key" value="null"/>
            <f name="annotator" value="anfahmy"/>
        </fs>
    </a>
    <node xml:id="wn-n101"/>
    <a xml:id="a101" label="sense" ref="wn-n101" as="wn">
        <fs>
            <f name="sense-key" value="null"/>
            <f name="annotator" value="anfahmy"/>
        </fs>
    </a>
    <node xml:id="wn-n102"/>
    <a xml:id="a102" label="sense" ref="wn-n102" as="wn">
        <fs>
            <f name="sense-key" value="poor%3:00:00::"/>
            <f name="annotator" value="anfahmy"/>
        </fs>
    </a>
    <node xml:id="wn-n103"/>
    <a xml:id="a103" label="sense" ref="wn-n103" as="wn">
        <fs>
            <f name="sense-key" value="people%1:14:00::"/>
            <f name="annotator" value="sophiavv"/>
        </fs>
    </a>
    <node xml:id="wn-n104"/>
    <a xml:id="a104" label="sense" ref="wn-n104" as="wn">
        <fs>
            <f name="sense-key" value="people%1:14:00::"/>
            <f name="annotator" value="sophiavv"/>
        </fs>
    </a>
    <node xml:id="wn-n105"/>
    <a xml:id="a105" label="sense" ref="wn-n105" as="wn">
        <fs>
            <f name="sense-key" value="people%1:14:00::"/>
            <f name="annotator" value="sophiavv"/>
        </fs>
    </a>
    <node xml:id="wn-n106"/>
    <a xml:id="a106" label="sense" ref="wn-n106" as="wn">
        <fs>
            <f name="sense-key" value="people%1:14:00::"/>
            <f name="annotator" value="sophiavv"/>
        </fs>
    </a>
    <node xml:id="wn-n107"/>
    <a xml:id="a107" label="sense" ref="wn-n107" as="wn">
        <fs>
            <f name="sense-key" value="part%1:24:00::"/>
            <f name="annotator" value="sophiavv"/>
        </fs>
    </a>
    <node xml:id="wn-n108"/>
    <a xml:id="a108" label="sense" ref="wn-n108" as="wn">
        <fs>
            <f name="sense-key" value="part%1:06:00::"/>
            <f name="annotator" value="sophiavv"/>
        </fs>
    </a>
    <node xml:id="wn-n109"/>
    <a xml:id="a109" label="sense" ref="wn-n109" as="wn">
        <fs>
            <f name="sense-key" value="part%1:06:00::"/>
            <f name="annotator" value="sophiavv"/>
        </fs>
    </a>
    <node xml:id="wn-n11"/>
    <a xml:id="a11" label="sense" ref="wn-n11" as="wn">
        <fs>
            <f name="sense-key" value="wait%2:42:01::"/>
            <f name="annotator" value="cgozo"/>
        </fs>
    </a>
    <node xml:id="wn-n110"/>
    <a xml:id="a110" label="sense" ref="wn-n110" as="wn">
        <fs>
            <f name="sense-key" value="part%1:06:00::"/>
            <f name="annotator" value="sophiavv"/>
        </fs>
    </a>
    <node xml:id="wn-n111"/>
    <a xml:id="a111" label="sense" ref="wn-n111" as="wn">
        <fs>
            <f name="sense-key" value="part%1:06:00::"/>
            <f name="annotator" value="sophiavv"/>
        </fs>
    </a>
    <node xml:id="wn-n112"/>
    <a xml:id="a112" label="sense" ref="wn-n112" as="wn">
        <fs>
            <f name="sense-key" value="part%1:17:00::"/>
            <f name="annotator" value="sophiavv"/>
        </fs>
    </a>
    <node xml:id="wn-n113"/>
    <a xml:id="a113" label="sense" ref="wn-n113" as="wn">
        <fs>
            <f name="sense-key" value="null"/>
            <f name="annotator" value="anfahmy"/>
        </fs>
    </a>
    <node xml:id="wn-n114"/>
    <a xml:id="a114" label="sense" ref="wn-n114" as="wn">
        <fs>
            <f name="sense-key" value="null"/>
            <f name="annotator" value="anfahmy"/>
        </fs>
    </a>
    <node xml:id="wn-n115"/>
    <a xml:id="a115" label="sense" ref="wn-n115" as="wn">
        <fs>
            <f name="sense-key" value="order%1:10:03::"/>
            <f name="annotator" value="anfahmy"/>
        </fs>
    </a>
    <node xml:id="wn-n116"/>
    <a xml:id="a116" label="sense" ref="wn-n116" as="wn">
        <fs>
            <f name="sense-key" value="null"/>
            <f name="annotator" value="anfahmy"/>
        </fs>
    </a>
    <node xml:id="wn-n117"/>
    <a xml:id="a117" label="sense" ref="wn-n117" as="wn">
        <fs>
            <f name="sense-key" value="null"/>
            <f name="annotator" value="anfahmy"/>
        </fs>
    </a>
    <node xml:id="wn-n118"/>
    <a xml:id="a118" label="sense" ref="wn-n118" as="wn">
        <fs>
            <f name="sense-key" value="name%1:04:00::"/>
            <f name="annotator" value="anfahmy"/>
        </fs>
    </a>
    <node xml:id="wn-n119"/>
    <a xml:id="a119" label="sense" ref="wn-n119" as="wn">
        <fs>
            <f name="sense-key" value="null"/>
            <f name="annotator" value="vebatchelder"/>
        </fs>
    </a>
    <node xml:id="wn-n12"/>
    <a xml:id="a12" label="sense" ref="wn-n12" as="wn">
        <fs>
            <f name="sense-key" value="wait%2:42:00::"/>
            <f name="annotator" value="cgozo"/>
        </fs>
    </a>
    <node xml:id="wn-n120"/>
    <a xml:id="a120" label="sense" ref="wn-n120" as="wn">
        <fs>
            <f name="sense-key" value="null"/>
            <f name="annotator" value="vebatchelder"/>
        </fs>
    </a>
    <node xml:id="wn-n121"/>
    <a xml:id="a121" label="sense" ref="wn-n121" as="wn">
        <fs>
            <f name="sense-key" value="null"/>
            <f name="annotator" value="vebatchelder"/>
        </fs>
    </a>
    <node xml:id="wn-n122"/>
    <a xml:id="a122" label="sense" ref="wn-n122" as="wn">
        <fs>
            <f name="sense-key" value="level%1:06:01::"/>
            <f name="annotator" value="veweser"/>
        </fs>
    </a>
    <node xml:id="wn-n123"/>
    <a xml:id="a123" label="sense" ref="wn-n123" as="wn">
        <fs>
            <f name="sense-key" value="level%1:07:01::"/>
            <f name="annotator" value="cgozo"/>
        </fs>
    </a>
    <node xml:id="wn-n124"/>
    <a xml:id="a124" label="sense" ref="wn-n124" as="wn">
        <fs>
            <f name="sense-key" value="level%1:06:01::"/>
            <f name="annotator" value="brubin"/>
        </fs>
    </a>
    <node xml:id="wn-n125"/>
    <a xml:id="a125" label="sense" ref="wn-n125" as="wn">
        <fs>
            <f name="sense-key" value="null"/>
            <f name="annotator" value="anfahmy"/>
        </fs>
    </a>
    <node xml:id="wn-n126"/>
    <a xml:id="a126" label="sense" ref="wn-n126" as="wn">
        <fs>
            <f name="sense-key" value="kill%2:35:00::"/>
            <f name="annotator" value="veweser"/>
        </fs>
    </a>
    <node xml:id="wn-n127"/>
    <a xml:id="a127" label="sense" ref="wn-n127" as="wn">
        <fs>
            <f name="sense-key" value="kill%2:35:00::"/>
            <f name="annotator" value="veweser"/>
        </fs>
    </a>
    <node xml:id="wn-n128"/>
    <a xml:id="a128" label="sense" ref="wn-n128" as="wn">
        <fs>
            <f name="sense-key" value="kill%2:35:00::"/>
            <f name="annotator" value="veweser"/>
        </fs>
    </a>
    <node xml:id="wn-n129"/>
    <a xml:id="a129" label="sense" ref="wn-n129" as="wn">
        <fs>
            <f name="sense-key" value="kill%2:35:00::"/>
            <f name="annotator" value="veweser"/>
        </fs>
    </a>
    <node xml:id="wn-n13"/>
    <a xml:id="a13" label="sense" ref="wn-n13" as="wn">
        <fs>
            <f name="sense-key" value="wait%2:42:00::"/>
            <f name="annotator" value="cgozo"/>
        </fs>
    </a>
    <node xml:id="wn-n130"/>
    <a xml:id="a130" label="sense" ref="wn-n130" as="wn">
        <fs>
            <f name="sense-key" value="kill%2:35:00::"/>
            <f name="annotator" value="cgozo"/>
        </fs>
    </a>
    <node xml:id="wn-n131"/>
    <a xml:id="a131" label="sense" ref="wn-n131" as="wn">
        <fs>
            <f name="sense-key" value="kill%2:35:00::"/>
            <f name="annotator" value="cgozo"/>
        </fs>
    </a>
    <node xml:id="wn-n132"/>
    <a xml:id="a132" label="sense" ref="wn-n132" as="wn">
        <fs>
            <f name="sense-key" value="kill%2:35:00::"/>
            <f name="annotator" value="cgozo"/>
        </fs>
    </a>
    <node xml:id="wn-n133"/>
    <a xml:id="a133" label="sense" ref="wn-n133" as="wn">
        <fs>
            <f name="sense-key" value="kill%2:35:00::"/>
            <f name="annotator" value="cgozo"/>
        </fs>
    </a>
    <node xml:id="wn-n134"/>
    <a xml:id="a134" label="sense" ref="wn-n134" as="wn">
        <fs>
            <f name="sense-key" value="kill%2:35:00::"/>
            <f name="annotator" value="brubin"/>
        </fs>
    </a>
    <node xml:id="wn-n135"/>
    <a xml:id="a135" label="sense" ref="wn-n135" as="wn">
        <fs>
            <f name="sense-key" value="kill%2:35:00::"/>
            <f name="annotator" value="brubin"/>
        </fs>
    </a>
    <node xml:id="wn-n136"/>
    <a xml:id="a136" label="sense" ref="wn-n136" as="wn">
        <fs>
            <f name="sense-key" value="kill%2:35:00::"/>
            <f name="annotator" value="brubin"/>
        </fs>
    </a>
    <node xml:id="wn-n137"/>
    <a xml:id="a137" label="sense" ref="wn-n137" as="wn">
        <fs>
            <f name="sense-key" value="kill%2:35:00::"/>
            <f name="annotator" value="brubin"/>
        </fs>
    </a>
    <node xml:id="wn-n138"/>
    <a xml:id="a138" label="sense" ref="wn-n138" as="wn">
        <fs>
            <f name="sense-key" value="null"/>
            <f name="annotator" value="anfahmy"/>
        </fs>
    </a>
    <node xml:id="wn-n139"/>
    <a xml:id="a139" label="sense" ref="wn-n139" as="wn">
        <fs>
            <f name="sense-key" value="null"/>
            <f name="annotator" value="anfahmy"/>
        </fs>
    </a>
    <node xml:id="wn-n14"/>
    <a xml:id="a14" label="sense" ref="wn-n14" as="wn">
        <fs>
            <f name="sense-key" value="wait%2:42:00::"/>
            <f name="annotator" value="cgozo"/>
        </fs>
    </a>
    <node xml:id="wn-n140"/>
    <a xml:id="a140" label="sense" ref="wn-n140" as="wn">
        <fs>
            <f name="sense-key" value="null"/>
            <f name="annotator" value="anfahmy"/>
        </fs>
    </a>
    <node xml:id="wn-n141"/>
    <a xml:id="a141" label="sense" ref="wn-n141" as="wn">
        <fs>
            <f name="sense-key" value="null"/>
            <f name="annotator" value="anfahmy"/>
        </fs>
    </a>
    <node xml:id="wn-n142"/>
    <a xml:id="a142" label="sense" ref="wn-n142" as="wn">
        <fs>
            <f name="sense-key" value="null"/>
            <f name="annotator" value="vebatchelder"/>
        </fs>
    </a>
    <node xml:id="wn-n143"/>
    <a xml:id="a143" label="sense" ref="wn-n143" as="wn">
        <fs>
            <f name="sense-key" value="island%1:17:00::"/>
            <f name="annotator" value="sophiavv"/>
        </fs>
    </a>
    <node xml:id="wn-n144"/>
    <a xml:id="a144" label="sense" ref="wn-n144" as="wn">
        <fs>
            <f name="sense-key" value="island%1:17:00::"/>
            <f name="annotator" value="sophiavv"/>
        </fs>
    </a>
    <node xml:id="wn-n145"/>
    <a xml:id="a145" label="sense" ref="wn-n145" as="wn">
        <fs>
            <f name="sense-key" value="island%1:17:00::"/>
            <f name="annotator" value="sophiavv"/>
        </fs>
    </a>
    <node xml:id="wn-n146"/>
    <a xml:id="a146" label="sense" ref="wn-n146" as="wn">
        <fs>
            <f name="sense-key" value="island%1:17:00::"/>
            <f name="annotator" value="sophiavv"/>
        </fs>
    </a>
    <node xml:id="wn-n147"/>
    <a xml:id="a147" label="sense" ref="wn-n147" as="wn">
        <fs>
            <f name="sense-key" value="island%1:17:00::"/>
            <f name="annotator" value="sophiavv"/>
        </fs>
    </a>
    <node xml:id="wn-n148"/>
    <a xml:id="a148" label="sense" ref="wn-n148" as="wn">
        <fs>
            <f name="sense-key" value="island%1:17:00::"/>
            <f name="annotator" value="sophiavv"/>
        </fs>
    </a>
    <node xml:id="wn-n149"/>
    <a xml:id="a149" label="sense" ref="wn-n149" as="wn">
        <fs>
            <f name="sense-key" value="island%1:17:00::"/>
            <f name="annotator" value="sophiavv"/>
        </fs>
    </a>
    <node xml:id="wn-n15"/>
    <a xml:id="a15" label="sense" ref="wn-n15" as="wn">
        <fs>
            <f name="sense-key" value="wait%2:42:00::"/>
            <f name="annotator" value="cgozo"/>
        </fs>
    </a>
    <node xml:id="wn-n150"/>
    <a xml:id="a150" label="sense" ref="wn-n150" as="wn">
        <fs>
            <f name="sense-key" value="island%1:17:00::"/>
            <f name="annotator" value="sophiavv"/>
        </fs>
    </a>
    <node xml:id="wn-n151"/>
    <a xml:id="a151" label="sense" ref="wn-n151" as="wn">
        <fs>
            <f name="sense-key" value="island%1:17:00::"/>
            <f name="annotator" value="sophiavv"/>
        </fs>
    </a>
    <node xml:id="wn-n152"/>
    <a xml:id="a152" label="sense" ref="wn-n152" as="wn">
        <fs>
            <f name="sense-key" value="island%1:17:00::"/>
            <f name="annotator" value="sophiavv"/>
        </fs>
    </a>
    <node xml:id="wn-n153"/>
    <a xml:id="a153" label="sense" ref="wn-n153" as="wn">
        <fs>
            <f name="sense-key" value="island%1:17:00::"/>
            <f name="annotator" value="sophiavv"/>
        </fs>
    </a>
    <node xml:id="wn-n154"/>
    <a xml:id="a154" label="sense" ref="wn-n154" as="wn">
        <fs>
            <f name="sense-key" value="island%1:17:00::"/>
            <f name="annotator" value="sophiavv"/>
        </fs>
    </a>
    <node xml:id="wn-n155"/>
    <a xml:id="a155" label="sense" ref="wn-n155" as="wn">
        <fs>
            <f name="sense-key" value="island%1:17:00::"/>
            <f name="annotator" value="sophiavv"/>
        </fs>
    </a>
    <node xml:id="wn-n156"/>
    <a xml:id="a156" label="sense" ref="wn-n156" as="wn">
        <fs>
            <f name="sense-key" value="island%1:17:00::"/>
            <f name="annotator" value="sophiavv"/>
        </fs>
    </a>
    <node xml:id="wn-n157"/>
    <a xml:id="a157" label="sense" ref="wn-n157" as="wn">
        <fs>
            <f name="sense-key" value="island%1:17:00::"/>
            <f name="annotator" value="sophiavv"/>
        </fs>
    </a>
    <node xml:id="wn-n158"/>
    <a xml:id="a158" label="sense" ref="wn-n158" as="wn">
        <fs>
            <f name="sense-key" value="island%1:17:00::"/>
            <f name="annotator" value="sophiavv"/>
        </fs>
    </a>
    <node xml:id="wn-n159"/>
    <a xml:id="a159" label="sense" ref="wn-n159" as="wn">
        <fs>
            <f name="sense-key" value="island%1:17:00::"/>
            <f name="annotator" value="sophiavv"/>
        </fs>
    </a>
    <node xml:id="wn-n16"/>
    <a xml:id="a16" label="sense" ref="wn-n16" as="wn">
        <fs>
            <f name="sense-key" value="wait%2:42:00::"/>
            <f name="annotator" value="cgozo"/>
        </fs>
    </a>
    <node xml:id="wn-n160"/>
    <a xml:id="a160" label="sense" ref="wn-n160" as="wn">
        <fs>
            <f name="sense-key" value="island%1:17:00::"/>
            <f name="annotator" value="sophiavv"/>
        </fs>
    </a>
    <node xml:id="wn-n161"/>
    <a xml:id="a161" label="sense" ref="wn-n161" as="wn">
        <fs>
            <f name="sense-key" value="island%1:17:00::"/>
            <f name="annotator" value="sophiavv"/>
        </fs>
    </a>
    <node xml:id="wn-n162"/>
    <a xml:id="a162" label="sense" ref="wn-n162" as="wn">
        <fs>
            <f name="sense-key" value="island%1:17:00::"/>
            <f name="annotator" value="sophiavv"/>
        </fs>
    </a>
    <node xml:id="wn-n163"/>
    <a xml:id="a163" label="sense" ref="wn-n163" as="wn">
        <fs>
            <f name="sense-key" value="island%1:17:00::"/>
            <f name="annotator" value="sophiavv"/>
        </fs>
    </a>
    <node xml:id="wn-n164"/>
    <a xml:id="a164" label="sense" ref="wn-n164" as="wn">
        <fs>
            <f name="sense-key" value="influence%1:07:00::"/>
            <f name="annotator" value="anfahmy"/>
        </fs>
    </a>
    <node xml:id="wn-n165"/>
    <a xml:id="a165" label="sense" ref="wn-n165" as="wn">
        <fs>
            <f name="sense-key" value="hit%2:35:01::"/>
            <f name="annotator" value="veweser"/>
        </fs>
    </a>
    <node xml:id="wn-n166"/>
    <a xml:id="a166" label="sense" ref="wn-n166" as="wn">
        <fs>
            <f name="sense-key" value="hit%2:33:01::"/>
            <f name="annotator" value="veweser"/>
        </fs>
    </a>
    <node xml:id="wn-n167"/>
    <a xml:id="a167" label="sense" ref="wn-n167" as="wn">
        <fs>
            <f name="sense-key" value="hit%2:35:01::"/>
            <f name="annotator" value="veweser"/>
        </fs>
    </a>
    <node xml:id="wn-n168"/>
    <a xml:id="a168" label="sense" ref="wn-n168" as="wn">
        <fs>
            <f name="sense-key" value="hit%2:35:00::"/>
            <f name="annotator" value="veweser"/>
        </fs>
    </a>
    <node xml:id="wn-n169"/>
    <a xml:id="a169" label="sense" ref="wn-n169" as="wn">
        <fs>
            <f name="sense-key" value="hit%2:35:01::"/>
            <f name="annotator" value="veweser"/>
        </fs>
    </a>
    <node xml:id="wn-n17"/>
    <a xml:id="a17" label="sense" ref="wn-n17" as="wn">
        <fs>
            <f name="sense-key" value="wait%2:42:01::"/>
            <f name="annotator" value="cgozo"/>
        </fs>
    </a>
    <node xml:id="wn-n170"/>
    <a xml:id="a170" label="sense" ref="wn-n170" as="wn">
        <fs>
            <f name="sense-key" value="hit%2:35:01::"/>
            <f name="annotator" value="veweser"/>
        </fs>
    </a>
    <node xml:id="wn-n171"/>
    <a xml:id="a171" label="sense" ref="wn-n171" as="wn">
        <fs>
            <f name="sense-key" value="hit%2:35:01::"/>
            <f name="annotator" value="cgozo"/>
        </fs>
    </a>
    <node xml:id="wn-n172"/>
    <a xml:id="a172" label="sense" ref="wn-n172" as="wn">
        <fs>
            <f name="sense-key" value="hit%2:35:01::"/>
            <f name="annotator" value="cgozo"/>
        </fs>
    </a>
    <node xml:id="wn-n173"/>
    <a xml:id="a173" label="sense" ref="wn-n173" as="wn">
        <fs>
            <f name="sense-key" value="hit%2:35:01::"/>
            <f name="annotator" value="cgozo"/>
        </fs>
    </a>
    <node xml:id="wn-n174"/>
    <a xml:id="a174" label="sense" ref="wn-n174" as="wn">
        <fs>
            <f name="sense-key" value="hit%2:35:00::"/>
            <f name="annotator" value="cgozo"/>
        </fs>
    </a>
    <node xml:id="wn-n175"/>
    <a xml:id="a175" label="sense" ref="wn-n175" as="wn">
        <fs>
            <f name="sense-key" value="hit%2:38:02::"/>
            <f name="annotator" value="cgozo"/>
        </fs>
    </a>
    <node xml:id="wn-n176"/>
    <a xml:id="a176" label="sense" ref="wn-n176" as="wn">
        <fs>
            <f name="sense-key" value="hit%2:35:01::"/>
            <f name="annotator" value="cgozo"/>
        </fs>
    </a>
    <node xml:id="wn-n177"/>
    <a xml:id="a177" label="sense" ref="wn-n177" as="wn">
        <fs>
            <f name="sense-key" value="hit%2:35:01::"/>
            <f name="annotator" value="brubin"/>
        </fs>
    </a>
    <node xml:id="wn-n178"/>
    <a xml:id="a178" label="sense" ref="wn-n178" as="wn">
        <fs>
            <f name="sense-key" value="hit%2:35:01::"/>
            <f name="annotator" value="brubin"/>
        </fs>
    </a>
    <node xml:id="wn-n179"/>
    <a xml:id="a179" label="sense" ref="wn-n179" as="wn">
        <fs>
            <f name="sense-key" value="hit%2:35:01::"/>
            <f name="annotator" value="brubin"/>
        </fs>
    </a>
    <node xml:id="wn-n18"/>
    <a xml:id="a18" label="sense" ref="wn-n18" as="wn">
        <fs>
            <f name="sense-key" value="wait%2:31:00::"/>
            <f name="annotator" value="cgozo"/>
        </fs>
    </a>
    <node xml:id="wn-n180"/>
    <a xml:id="a180" label="sense" ref="wn-n180" as="wn">
        <fs>
            <f name="sense-key" value="hit%2:35:01::"/>
            <f name="annotator" value="brubin"/>
        </fs>
    </a>
    <node xml:id="wn-n181"/>
    <a xml:id="a181" label="sense" ref="wn-n181" as="wn">
        <fs>
            <f name="sense-key" value="hit%2:35:01::"/>
            <f name="annotator" value="brubin"/>
        </fs>
    </a>
    <node xml:id="wn-n182"/>
    <a xml:id="a182" label="sense" ref="wn-n182" as="wn">
        <fs>
            <f name="sense-key" value="hit%2:35:01::"/>
            <f name="annotator" value="brubin"/>
        </fs>
    </a>
    <node xml:id="wn-n183"/>
    <a xml:id="a183" label="sense" ref="wn-n183" as="wn">
        <fs>
            <f name="sense-key" value="null"/>
            <f name="annotator" value="anfahmy"/>
        </fs>
    </a>
    <node xml:id="wn-n184"/>
    <a xml:id="a184" label="sense" ref="wn-n184" as="wn">
        <fs>
            <f name="sense-key" value="null"/>
            <f name="annotator" value="anfahmy"/>
        </fs>
    </a>
    <node xml:id="wn-n185"/>
    <a xml:id="a185" label="sense" ref="wn-n185" as="wn">
        <fs>
            <f name="sense-key" value="hit%2:35:01::"/>
            <f name="annotator" value="anfahmy"/>
        </fs>
    </a>
    <node xml:id="wn-n186"/>
    <a xml:id="a186" label="sense" ref="wn-n186" as="wn">
        <fs>
            <f name="sense-key" value="hit%2:35:01::"/>
            <f name="annotator" value="anfahmy"/>
        </fs>
    </a>
    <node xml:id="wn-n187"/>
    <a xml:id="a187" label="sense" ref="wn-n187" as="wn">
        <fs>
            <f name="sense-key" value="null"/>
            <f name="annotator" value="anfahmy"/>
        </fs>
    </a>
    <node xml:id="wn-n188"/>
    <a xml:id="a188" label="sense" ref="wn-n188" as="wn">
        <fs>
            <f name="sense-key" value="hit%2:35:01::"/>
            <f name="annotator" value="anfahmy"/>
        </fs>
    </a>
    <node xml:id="wn-n189"/>
    <a xml:id="a189" label="sense" ref="wn-n189" as="wn">
        <fs>
            <f name="sense-key" value="high%3:00:01::"/>
            <f name="annotator" value="veweser"/>
        </fs>
    </a>
    <node xml:id="wn-n19"/>
    <a xml:id="a19" label="sense" ref="wn-n19" as="wn">
        <fs>
            <f name="sense-key" value="wait%2:42:00::"/>
            <f name="annotator" value="cgozo"/>
        </fs>
    </a>
    <node xml:id="wn-n190"/>
    <a xml:id="a190" label="sense" ref="wn-n190" as="wn">
        <fs>
            <f name="sense-key" value="high%3:00:01::"/>
            <f name="annotator" value="cgozo"/>
        </fs>
    </a>
    <node xml:id="wn-n191"/>
    <a xml:id="a191" label="sense" ref="wn-n191" as="wn">
        <fs>
            <f name="sense-key" value="high%3:00:01::"/>
            <f name="annotator" value="brubin"/>
        </fs>
    </a>
    <node xml:id="wn-n192"/>
    <a xml:id="a192" label="sense" ref="wn-n192" as="wn">
        <fs>
            <f name="sense-key" value="null"/>
            <f name="annotator" value="anfahmy"/>
        </fs>
    </a>
    <node xml:id="wn-n193"/>
    <a xml:id="a193" label="sense" ref="wn-n193" as="wn">
        <fs>
            <f name="sense-key" value="null"/>
            <f name="annotator" value="anfahmy"/>
        </fs>
    </a>
    <node xml:id="wn-n194"/>
    <a xml:id="a194" label="sense" ref="wn-n194" as="wn">
        <fs>
            <f name="sense-key" value="help%2:41:00::"/>
            <f name="annotator" value="veweser"/>
        </fs>
    </a>
    <node xml:id="wn-n195"/>
    <a xml:id="a195" label="sense" ref="wn-n195" as="wn">
        <fs>
            <f name="sense-key" value="help%2:41:00::"/>
            <f name="annotator" value="veweser"/>
        </fs>
    </a>
    <node xml:id="wn-n196"/>
    <a xml:id="a196" label="sense" ref="wn-n196" as="wn">
        <fs>
            <f name="sense-key" value="help%2:29:00::"/>
            <f name="annotator" value="veweser"/>
        </fs>
    </a>
    <node xml:id="wn-n197"/>
    <a xml:id="a197" label="sense" ref="wn-n197" as="wn">
        <fs>
            <f name="sense-key" value="help%2:41:00::"/>
            <f name="annotator" value="veweser"/>
        </fs>
    </a>
    <node xml:id="wn-n198"/>
    <a xml:id="a198" label="sense" ref="wn-n198" as="wn">
        <fs>
            <f name="sense-key" value="help%2:41:00::"/>
            <f name="annotator" value="veweser"/>
        </fs>
    </a>
    <node xml:id="wn-n199"/>
    <a xml:id="a199" label="sense" ref="wn-n199" as="wn">
        <fs>
            <f name="sense-key" value="help%2:42:00::"/>
            <f name="annotator" value="veweser"/>
        </fs>
    </a>
    <node xml:id="wn-n2"/>
    <a xml:id="a2" label="sense" ref="wn-n2" as="wn">
        <fs>
            <f name="sense-key" value="wait%2:42:00::"/>
            <f name="annotator" value="veweser"/>
        </fs>
    </a>
    <node xml:id="wn-n20"/>
    <a xml:id="a20" label="sense" ref="wn-n20" as="wn">
        <fs>
            <f name="sense-key" value="wait%2:42:00::"/>
            <f name="annotator" value="cgozo"/>
        </fs>
    </a>
    <node xml:id="wn-n200"/>
    <a xml:id="a200" label="sense" ref="wn-n200" as="wn">
        <fs>
            <f name="sense-key" value="help%2:41:00::"/>
            <f name="annotator" value="cgozo"/>
        </fs>
    </a>
    <node xml:id="wn-n201"/>
    <a xml:id="a201" label="sense" ref="wn-n201" as="wn">
        <fs>
            <f name="sense-key" value="help%2:42:08::"/>
            <f name="annotator" value="cgozo"/>
        </fs>
    </a>
    <node xml:id="wn-n202"/>
    <a xml:id="a202" label="sense" ref="wn-n202" as="wn">
        <fs>
            <f name="sense-key" value="help%2:42:00::"/>
            <f name="annotator" value="cgozo"/>
        </fs>
    </a>
    <node xml:id="wn-n203"/>
    <a xml:id="a203" label="sense" ref="wn-n203" as="wn">
        <fs>
            <f name="sense-key" value="help%2:41:00::"/>
            <f name="annotator" value="cgozo"/>
        </fs>
    </a>
    <node xml:id="wn-n204"/>
    <a xml:id="a204" label="sense" ref="wn-n204" as="wn">
        <fs>
            <f name="sense-key" value="help%2:29:00::"/>
            <f name="annotator" value="cgozo"/>
        </fs>
    </a>
    <node xml:id="wn-n205"/>
    <a xml:id="a205" label="sense" ref="wn-n205" as="wn">
        <fs>
            <f name="sense-key" value="help%2:29:00::"/>
            <f name="annotator" value="cgozo"/>
        </fs>
    </a>
    <node xml:id="wn-n206"/>
    <a xml:id="a206" label="sense" ref="wn-n206" as="wn">
        <fs>
            <f name="sense-key" value="help%2:41:00::"/>
            <f name="annotator" value="brubin"/>
        </fs>
    </a>
    <node xml:id="wn-n207"/>
    <a xml:id="a207" label="sense" ref="wn-n207" as="wn">
        <fs>
            <f name="sense-key" value="help%2:41:00::"/>
            <f name="annotator" value="brubin"/>
        </fs>
    </a>
    <node xml:id="wn-n208"/>
    <a xml:id="a208" label="sense" ref="wn-n208" as="wn">
        <fs>
            <f name="sense-key" value="help%2:41:00::"/>
            <f name="annotator" value="brubin"/>
        </fs>
    </a>
    <node xml:id="wn-n209"/>
    <a xml:id="a209" label="sense" ref="wn-n209" as="wn">
        <fs>
            <f name="sense-key" value="help%2:41:00::"/>
            <f name="annotator" value="brubin"/>
        </fs>
    </a>
    <node xml:id="wn-n21"/>
    <a xml:id="a21" label="sense" ref="wn-n21" as="wn">
        <fs>
            <f name="sense-key" value="wait%2:31:00::"/>
            <f name="annotator" value="brubin"/>
        </fs>
    </a>
    <node xml:id="wn-n210"/>
    <a xml:id="a210" label="sense" ref="wn-n210" as="wn">
        <fs>
            <f name="sense-key" value="help%2:41:00::"/>
            <f name="annotator" value="brubin"/>
        </fs>
    </a>
    <node xml:id="wn-n211"/>
    <a xml:id="a211" label="sense" ref="wn-n211" as="wn">
        <fs>
            <f name="sense-key" value="help%2:29:00::"/>
            <f name="annotator" value="brubin"/>
        </fs>
    </a>
    <node xml:id="wn-n212"/>
    <a xml:id="a212" label="sense" ref="wn-n212" as="wn">
        <fs>
            <f name="sense-key" value="help%2:29:00::"/>
            <f name="annotator" value="brubin"/>
        </fs>
    </a>
    <node xml:id="wn-n213"/>
    <a xml:id="a213" label="sense" ref="wn-n213" as="wn">
        <fs>
            <f name="sense-key" value="null"/>
            <f name="annotator" value="anfahmy"/>
        </fs>
    </a>
    <node xml:id="wn-n214"/>
    <a xml:id="a214" label="sense" ref="wn-n214" as="wn">
        <fs>
            <f name="sense-key" value="help%2:41:00::"/>
            <f name="annotator" value="anfahmy"/>
        </fs>
    </a>
    <node xml:id="wn-n215"/>
    <a xml:id="a215" label="sense" ref="wn-n215" as="wn">
        <fs>
            <f name="sense-key" value="help%2:42:00::"/>
            <f name="annotator" value="anfahmy"/>
        </fs>
    </a>
    <node xml:id="wn-n216"/>
    <a xml:id="a216" label="sense" ref="wn-n216" as="wn">
        <fs>
            <f name="sense-key" value="help%2:41:00::"/>
            <f name="annotator" value="anfahmy"/>
        </fs>
    </a>
    <node xml:id="wn-n217"/>
    <a xml:id="a217" label="sense" ref="wn-n217" as="wn">
        <fs>
            <f name="sense-key" value="null"/>
            <f name="annotator" value="anfahmy"/>
        </fs>
    </a>
    <node xml:id="wn-n218"/>
    <a xml:id="a218" label="sense" ref="wn-n218" as="wn">
        <fs>
            <f name="sense-key" value="help%2:42:00::"/>
            <f name="annotator" value="anfahmy"/>
        </fs>
    </a>
    <node xml:id="wn-n219"/>
    <a xml:id="a219" label="sense" ref="wn-n219" as="wn">
        <fs>
            <f name="sense-key" value="Greek%3:01:01::"/>
            <f name="annotator" value="sophiavv"/>
        </fs>
    </a>
    <node xml:id="wn-n22"/>
    <a xml:id="a22" label="sense" ref="wn-n22" as="wn">
        <fs>
            <f name="sense-key" value="wait%2:42:01::"/>
            <f name="annotator" value="brubin"/>
        </fs>
    </a>
    <node xml:id="wn-n220"/>
    <a xml:id="a220" label="sense" ref="wn-n220" as="wn">
        <fs>
            <f name="sense-key" value="full%5:00:00:complete:00"/>
            <f name="annotator" value="veweser"/>
        </fs>
    </a>
    <node xml:id="wn-n221"/>
    <a xml:id="a221" label="sense" ref="wn-n221" as="wn">
        <fs>
            <f name="sense-key" value="full%5:00:01:whole:00"/>
            <f name="annotator" value="veweser"/>
        </fs>
    </a>
    <node xml:id="wn-n222"/>
    <a xml:id="a222" label="sense" ref="wn-n222" as="wn">
        <fs>
            <f name="sense-key" value="full%5:00:00:complete:00"/>
            <f name="annotator" value="cgozo"/>
        </fs>
    </a>
    <node xml:id="wn-n223"/>
    <a xml:id="a223" label="sense" ref="wn-n223" as="wn">
        <fs>
            <f name="sense-key" value="full%5:00:00:high:02"/>
            <f name="annotator" value="cgozo"/>
        </fs>
    </a>
    <node xml:id="wn-n224"/>
    <a xml:id="a224" label="sense" ref="wn-n224" as="wn">
        <fs>
            <f name="sense-key" value="full%5:00:01:whole:00"/>
            <f name="annotator" value="brubin"/>
        </fs>
    </a>
    <node xml:id="wn-n225"/>
    <a xml:id="a225" label="sense" ref="wn-n225" as="wn">
        <fs>
            <f name="sense-key" value="full%5:00:00:complete:00"/>
            <f name="annotator" value="brubin"/>
        </fs>
    </a>
    <node xml:id="wn-n226"/>
    <a xml:id="a226" label="sense" ref="wn-n226" as="wn">
        <fs>
            <f name="sense-key" value="full%5:00:01:whole:00"/>
            <f name="annotator" value="anfahmy"/>
        </fs>
    </a>
    <node xml:id="wn-n227"/>
    <a xml:id="a227" label="sense" ref="wn-n227" as="wn">
        <fs>
            <f name="sense-key" value="null"/>
            <f name="annotator" value="anfahmy"/>
        </fs>
    </a>
    <node xml:id="wn-n228"/>
    <a xml:id="a228" label="sense" ref="wn-n228" as="wn">
        <fs>
            <f name="sense-key" value="find%2:40:00::"/>
            <f name="annotator" value="veweser"/>
        </fs>
    </a>
    <node xml:id="wn-n229"/>
    <a xml:id="a229" label="sense" ref="wn-n229" as="wn">
        <fs>
            <f name="sense-key" value="find%2:40:02::"/>
            <f name="annotator" value="veweser"/>
        </fs>
    </a>
    <node xml:id="wn-n23"/>
    <a xml:id="a23" label="sense" ref="wn-n23" as="wn">
        <fs>
            <f name="sense-key" value="wait%2:31:00::"/>
            <f name="annotator" value="brubin"/>
        </fs>
    </a>
    <node xml:id="wn-n230"/>
    <a xml:id="a230" label="sense" ref="wn-n230" as="wn">
        <fs>
            <f name="sense-key" value="find%2:40:02::"/>
            <f name="annotator" value="veweser"/>
        </fs>
    </a>
    <node xml:id="wn-n231"/>
    <a xml:id="a231" label="sense" ref="wn-n231" as="wn">
        <fs>
            <f name="sense-key" value="find%2:40:02::"/>
            <f name="annotator" value="veweser"/>
        </fs>
    </a>
    <node xml:id="wn-n232"/>
    <a xml:id="a232" label="sense" ref="wn-n232" as="wn">
        <fs>
            <f name="sense-key" value="find%2:40:00::"/>
            <f name="annotator" value="veweser"/>
        </fs>
    </a>
    <node xml:id="wn-n233"/>
    <a xml:id="a233" label="sense" ref="wn-n233" as="wn">
        <fs>
            <f name="sense-key" value="find%2:40:00::"/>
            <f name="annotator" value="veweser"/>
        </fs>
    </a>
    <node xml:id="wn-n234"/>
    <a xml:id="a234" label="sense" ref="wn-n234" as="wn">
        <fs>
            <f name="sense-key" value="find%2:40:00::"/>
            <f name="annotator" value="veweser"/>
        </fs>
    </a>
    <node xml:id="wn-n235"/>
    <a xml:id="a235" label="sense" ref="wn-n235" as="wn">
        <fs>
            <f name="sense-key" value="find%2:40:00::"/>
            <f name="annotator" value="veweser"/>
        </fs>
    </a>
    <node xml:id="wn-n236"/>
    <a xml:id="a236" label="sense" ref="wn-n236" as="wn">
        <fs>
            <f name="sense-key" value="find%2:40:02::"/>
            <f name="annotator" value="veweser"/>
        </fs>
    </a>
    <node xml:id="wn-n237"/>
    <a xml:id="a237" label="sense" ref="wn-n237" as="wn">
        <fs>
            <f name="sense-key" value="find%2:40:03::"/>
            <f name="annotator" value="veweser"/>
        </fs>
    </a>
    <node xml:id="wn-n238"/>
    <a xml:id="a238" label="sense" ref="wn-n238" as="wn">
        <fs>
            <f name="sense-key" value="find%2:40:00::"/>
            <f name="annotator" value="veweser"/>
        </fs>
    </a>
    <node xml:id="wn-n239"/>
    <a xml:id="a239" label="sense" ref="wn-n239" as="wn">
        <fs>
            <f name="sense-key" value="find%2:32:01::"/>
            <f name="annotator" value="veweser"/>
        </fs>
    </a>
    <node xml:id="wn-n24"/>
    <a xml:id="a24" label="sense" ref="wn-n24" as="wn">
        <fs>
            <f name="sense-key" value="wait%2:31:00::"/>
            <f name="annotator" value="brubin"/>
        </fs>
    </a>
    <node xml:id="wn-n240"/>
    <a xml:id="a240" label="sense" ref="wn-n240" as="wn">
        <fs>
            <f name="sense-key" value="find%2:39:01::"/>
            <f name="annotator" value="veweser"/>
        </fs>
    </a>
    <node xml:id="wn-n241"/>
    <a xml:id="a241" label="sense" ref="wn-n241" as="wn">
        <fs>
            <f name="sense-key" value="find%2:39:02::"/>
            <f name="annotator" value="veweser"/>
        </fs>
    </a>
    <node xml:id="wn-n242"/>
    <a xml:id="a242" label="sense" ref="wn-n242" as="wn">
        <fs>
            <f name="sense-key" value="find%2:40:00::"/>
            <f name="annotator" value="veweser"/>
        </fs>
    </a>
    <node xml:id="wn-n243"/>
    <a xml:id="a243" label="sense" ref="wn-n243" as="wn">
        <fs>
            <f name="sense-key" value="find%2:40:00::"/>
            <f name="annotator" value="veweser"/>
        </fs>
    </a>
    <node xml:id="wn-n244"/>
    <a xml:id="a244" label="sense" ref="wn-n244" as="wn">
        <fs>
            <f name="sense-key" value="find%2:31:09::"/>
            <f name="annotator" value="veweser"/>
        </fs>
    </a>
    <node xml:id="wn-n245"/>
    <a xml:id="a245" label="sense" ref="wn-n245" as="wn">
        <fs>
            <f name="sense-key" value="find%2:31:09::"/>
            <f name="annotator" value="veweser"/>
        </fs>
    </a>
    <node xml:id="wn-n246"/>
    <a xml:id="a246" label="sense" ref="wn-n246" as="wn">
        <fs>
            <f name="sense-key" value="null"/>
            <f name="annotator" value="veweser"/>
        </fs>
    </a>
    <node xml:id="wn-n247"/>
    <a xml:id="a247" label="sense" ref="wn-n247" as="wn">
        <fs>
            <f name="sense-key" value="find%2:40:00::"/>
            <f name="annotator" value="veweser"/>
        </fs>
    </a>
    <node xml:id="wn-n248"/>
    <a xml:id="a248" label="sense" ref="wn-n248" as="wn">
        <fs>
            <f name="sense-key" value="find%2:40:00::"/>
            <f name="annotator" value="veweser"/>
        </fs>
    </a>
    <node xml:id="wn-n249"/>
    <a xml:id="a249" label="sense" ref="wn-n249" as="wn">
        <fs>
            <f name="sense-key" value="find%2:40:00::"/>
            <f name="annotator" value="veweser"/>
        </fs>
    </a>
    <node xml:id="wn-n25"/>
    <a xml:id="a25" label="sense" ref="wn-n25" as="wn">
        <fs>
            <f name="sense-key" value="wait%2:42:00::"/>
            <f name="annotator" value="brubin"/>
        </fs>
    </a>
    <node xml:id="wn-n250"/>
    <a xml:id="a250" label="sense" ref="wn-n250" as="wn">
        <fs>
            <f name="sense-key" value="null"/>
            <f name="annotator" value="veweser"/>
        </fs>
    </a>
    <node xml:id="wn-n251"/>
    <a xml:id="a251" label="sense" ref="wn-n251" as="wn">
        <fs>
            <f name="sense-key" value="find%2:39:02::"/>
            <f name="annotator" value="cgozo"/>
        </fs>
    </a>
    <node xml:id="wn-n252"/>
    <a xml:id="a252" label="sense" ref="wn-n252" as="wn">
        <fs>
            <f name="sense-key" value="find%2:40:02::"/>
            <f name="annotator" value="cgozo"/>
        </fs>
    </a>
    <node xml:id="wn-n253"/>
    <a xml:id="a253" label="sense" ref="wn-n253" as="wn">
        <fs>
            <f name="sense-key" value="find%2:39:02::"/>
            <f name="annotator" value="cgozo"/>
        </fs>
    </a>
    <node xml:id="wn-n254"/>
    <a xml:id="a254" label="sense" ref="wn-n254" as="wn">
        <fs>
            <f name="sense-key" value="find%2:40:02::"/>
            <f name="annotator" value="cgozo"/>
        </fs>
    </a>
    <node xml:id="wn-n255"/>
    <a xml:id="a255" label="sense" ref="wn-n255" as="wn">
        <fs>
            <f name="sense-key" value="find%2:39:02::"/>
            <f name="annotator" value="cgozo"/>
        </fs>
    </a>
    <node xml:id="wn-n256"/>
    <a xml:id="a256" label="sense" ref="wn-n256" as="wn">
        <fs>
            <f name="sense-key" value="find%2:40:00::"/>
            <f name="annotator" value="cgozo"/>
        </fs>
    </a>
    <node xml:id="wn-n257"/>
    <a xml:id="a257" label="sense" ref="wn-n257" as="wn">
        <fs>
            <f name="sense-key" value="find%2:31:09::"/>
            <f name="annotator" value="cgozo"/>
        </fs>
    </a>
    <node xml:id="wn-n258"/>
    <a xml:id="a258" label="sense" ref="wn-n258" as="wn">
        <fs>
            <f name="sense-key" value="find%2:40:02::"/>
            <f name="annotator" value="cgozo"/>
        </fs>
    </a>
    <node xml:id="wn-n259"/>
    <a xml:id="a259" label="sense" ref="wn-n259" as="wn">
        <fs>
            <f name="sense-key" value="find%2:40:02::"/>
            <f name="annotator" value="cgozo"/>
        </fs>
    </a>
    <node xml:id="wn-n26"/>
    <a xml:id="a26" label="sense" ref="wn-n26" as="wn">
        <fs>
            <f name="sense-key" value="wait%2:42:00::"/>
            <f name="annotator" value="brubin"/>
        </fs>
    </a>
    <node xml:id="wn-n260"/>
    <a xml:id="a260" label="sense" ref="wn-n260" as="wn">
        <fs>
            <f name="sense-key" value="find%2:40:00::"/>
            <f name="annotator" value="cgozo"/>
        </fs>
    </a>
    <node xml:id="wn-n261"/>
    <a xml:id="a261" label="sense" ref="wn-n261" as="wn">
        <fs>
            <f name="sense-key" value="find%2:40:15::"/>
            <f name="annotator" value="cgozo"/>
        </fs>
    </a>
    <node xml:id="wn-n262"/>
    <a xml:id="a262" label="sense" ref="wn-n262" as="wn">
        <fs>
            <f name="sense-key" value="find%2:39:05::"/>
            <f name="annotator" value="cgozo"/>
        </fs>
    </a>
    <node xml:id="wn-n263"/>
    <a xml:id="a263" label="sense" ref="wn-n263" as="wn">
        <fs>
            <f name="sense-key" value="find%2:31:09::"/>
            <f name="annotator" value="cgozo"/>
        </fs>
    </a>
    <node xml:id="wn-n264"/>
    <a xml:id="a264" label="sense" ref="wn-n264" as="wn">
        <fs>
            <f name="sense-key" value="find%2:40:00::"/>
            <f name="annotator" value="cgozo"/>
        </fs>
    </a>
    <node xml:id="wn-n265"/>
    <a xml:id="a265" label="sense" ref="wn-n265" as="wn">
        <fs>
            <f name="sense-key" value="find%2:40:02::"/>
            <f name="annotator" value="cgozo"/>
        </fs>
    </a>
    <node xml:id="wn-n266"/>
    <a xml:id="a266" label="sense" ref="wn-n266" as="wn">
        <fs>
            <f name="sense-key" value="find%2:40:00::"/>
            <f name="annotator" value="cgozo"/>
        </fs>
    </a>
    <node xml:id="wn-n267"/>
    <a xml:id="a267" label="sense" ref="wn-n267" as="wn">
        <fs>
            <f name="sense-key" value="find%2:32:00::"/>
            <f name="annotator" value="cgozo"/>
        </fs>
    </a>
    <node xml:id="wn-n268"/>
    <a xml:id="a268" label="sense" ref="wn-n268" as="wn">
        <fs>
            <f name="sense-key" value="find%2:39:02::"/>
            <f name="annotator" value="cgozo"/>
        </fs>
    </a>
    <node xml:id="wn-n269"/>
    <a xml:id="a269" label="sense" ref="wn-n269" as="wn">
        <fs>
            <f name="sense-key" value="find%2:40:00::"/>
            <f name="annotator" value="cgozo"/>
        </fs>
    </a>
    <node xml:id="wn-n27"/>
    <a xml:id="a27" label="sense" ref="wn-n27" as="wn">
        <fs>
            <f name="sense-key" value="wait%2:42:00::"/>
            <f name="annotator" value="brubin"/>
        </fs>
    </a>
    <node xml:id="wn-n270"/>
    <a xml:id="a270" label="sense" ref="wn-n270" as="wn">
        <fs>
            <f name="sense-key" value="find%2:40:00::"/>
            <f name="annotator" value="cgozo"/>
        </fs>
    </a>
    <node xml:id="wn-n271"/>
    <a xml:id="a271" label="sense" ref="wn-n271" as="wn">
        <fs>
            <f name="sense-key" value="find%2:40:00::"/>
            <f name="annotator" value="cgozo"/>
        </fs>
    </a>
    <node xml:id="wn-n272"/>
    <a xml:id="a272" label="sense" ref="wn-n272" as="wn">
        <fs>
            <f name="sense-key" value="find%2:40:00::"/>
            <f name="annotator" value="cgozo"/>
        </fs>
    </a>
    <node xml:id="wn-n273"/>
    <a xml:id="a273" label="sense" ref="wn-n273" as="wn">
        <fs>
            <f name="sense-key" value="find%2:31:09::"/>
            <f name="annotator" value="cgozo"/>
        </fs>
    </a>
    <node xml:id="wn-n274"/>
    <a xml:id="a274" label="sense" ref="wn-n274" as="wn">
        <fs>
            <f name="sense-key" value="find%2:40:00::"/>
            <f name="annotator" value="brubin"/>
        </fs>
    </a>
    <node xml:id="wn-n275"/>
    <a xml:id="a275" label="sense" ref="wn-n275" as="wn">
        <fs>
            <f name="sense-key" value="find%2:40:02::"/>
            <f name="annotator" value="brubin"/>
        </fs>
    </a>
    <node xml:id="wn-n276"/>
    <a xml:id="a276" label="sense" ref="wn-n276" as="wn">
        <fs>
            <f name="sense-key" value="find%2:40:02::"/>
            <f name="annotator" value="brubin"/>
        </fs>
    </a>
    <node xml:id="wn-n277"/>
    <a xml:id="a277" label="sense" ref="wn-n277" as="wn">
        <fs>
            <f name="sense-key" value="find%2:31:10::"/>
            <f name="annotator" value="brubin"/>
        </fs>
    </a>
    <node xml:id="wn-n278"/>
    <a xml:id="a278" label="sense" ref="wn-n278" as="wn">
        <fs>
            <f name="sense-key" value="find%2:40:00::"/>
            <f name="annotator" value="brubin"/>
        </fs>
    </a>
    <node xml:id="wn-n279"/>
    <a xml:id="a279" label="sense" ref="wn-n279" as="wn">
        <fs>
            <f name="sense-key" value="find%2:40:00::"/>
            <f name="annotator" value="brubin"/>
        </fs>
    </a>
    <node xml:id="wn-n28"/>
    <a xml:id="a28" label="sense" ref="wn-n28" as="wn">
        <fs>
            <f name="sense-key" value="wait%2:31:00::"/>
            <f name="annotator" value="brubin"/>
        </fs>
    </a>
    <node xml:id="wn-n280"/>
    <a xml:id="a280" label="sense" ref="wn-n280" as="wn">
        <fs>
            <f name="sense-key" value="null"/>
            <f name="annotator" value="brubin"/>
        </fs>
    </a>
    <node xml:id="wn-n281"/>
    <a xml:id="a281" label="sense" ref="wn-n281" as="wn">
        <fs>
            <f name="sense-key" value="find%2:40:00::"/>
            <f name="annotator" value="brubin"/>
        </fs>
    </a>
    <node xml:id="wn-n282"/>
    <a xml:id="a282" label="sense" ref="wn-n282" as="wn">
        <fs>
            <f name="sense-key" value="find%2:40:00::"/>
            <f name="annotator" value="brubin"/>
        </fs>
    </a>
    <node xml:id="wn-n283"/>
    <a xml:id="a283" label="sense" ref="wn-n283" as="wn">
        <fs>
            <f name="sense-key" value="find%2:40:00::"/>
            <f name="annotator" value="brubin"/>
        </fs>
    </a>
    <node xml:id="wn-n284"/>
    <a xml:id="a284" label="sense" ref="wn-n284" as="wn">
        <fs>
            <f name="sense-key" value="find%2:40:00::"/>
            <f name="annotator" value="brubin"/>
        </fs>
    </a>
    <node xml:id="wn-n285"/>
    <a xml:id="a285" label="sense" ref="wn-n285" as="wn">
        <fs>
            <f name="sense-key" value="find%2:39:05::"/>
            <f name="annotator" value="brubin"/>
        </fs>
    </a>
    <node xml:id="wn-n286"/>
    <a xml:id="a286" label="sense" ref="wn-n286" as="wn">
        <fs>
            <f name="sense-key" value="find%2:40:02::"/>
            <f name="annotator" value="brubin"/>
        </fs>
    </a>
    <node xml:id="wn-n287"/>
    <a xml:id="a287" label="sense" ref="wn-n287" as="wn">
        <fs>
            <f name="sense-key" value="find%2:40:00::"/>
            <f name="annotator" value="brubin"/>
        </fs>
    </a>
    <node xml:id="wn-n288"/>
    <a xml:id="a288" label="sense" ref="wn-n288" as="wn">
        <fs>
            <f name="sense-key" value="find%2:40:00::"/>
            <f name="annotator" value="brubin"/>
        </fs>
    </a>
    <node xml:id="wn-n289"/>
    <a xml:id="a289" label="sense" ref="wn-n289" as="wn">
        <fs>
            <f name="sense-key" value="find%2:40:00::"/>
            <f name="annotator" value="brubin"/>
        </fs>
    </a>
    <node xml:id="wn-n29"/>
    <a xml:id="a29" label="sense" ref="wn-n29" as="wn">
        <fs>
            <f name="sense-key" value="wait%2:42:00::"/>
            <f name="annotator" value="brubin"/>
        </fs>
    </a>
    <node xml:id="wn-n290"/>
    <a xml:id="a290" label="sense" ref="wn-n290" as="wn">
        <fs>
            <f name="sense-key" value="find%2:40:01::"/>
            <f name="annotator" value="brubin"/>
        </fs>
    </a>
    <node xml:id="wn-n291"/>
    <a xml:id="a291" label="sense" ref="wn-n291" as="wn">
        <fs>
            <f name="sense-key" value="find%2:40:02::"/>
            <f name="annotator" value="brubin"/>
        </fs>
    </a>
    <node xml:id="wn-n292"/>
    <a xml:id="a292" label="sense" ref="wn-n292" as="wn">
        <fs>
            <f name="sense-key" value="find%2:40:01::"/>
            <f name="annotator" value="brubin"/>
        </fs>
    </a>
    <node xml:id="wn-n293"/>
    <a xml:id="a293" label="sense" ref="wn-n293" as="wn">
        <fs>
            <f name="sense-key" value="find%2:40:00::"/>
            <f name="annotator" value="brubin"/>
        </fs>
    </a>
    <node xml:id="wn-n294"/>
    <a xml:id="a294" label="sense" ref="wn-n294" as="wn">
        <fs>
            <f name="sense-key" value="find%2:40:00::"/>
            <f name="annotator" value="brubin"/>
        </fs>
    </a>
    <node xml:id="wn-n295"/>
    <a xml:id="a295" label="sense" ref="wn-n295" as="wn">
        <fs>
            <f name="sense-key" value="find%2:40:00::"/>
            <f name="annotator" value="brubin"/>
        </fs>
    </a>
    <node xml:id="wn-n296"/>
    <a xml:id="a296" label="sense" ref="wn-n296" as="wn">
        <fs>
            <f name="sense-key" value="find%2:39:02::"/>
            <f name="annotator" value="brubin"/>
        </fs>
    </a>
    <node xml:id="wn-n297"/>
    <a xml:id="a297" label="sense" ref="wn-n297" as="wn">
        <fs>
            <f name="sense-key" value="find%2:40:00::"/>
            <f name="annotator" value="anfahmy"/>
        </fs>
    </a>
    <node xml:id="wn-n298"/>
    <a xml:id="a298" label="sense" ref="wn-n298" as="wn">
        <fs>
            <f name="sense-key" value="null"/>
            <f name="annotator" value="anfahmy"/>
        </fs>
    </a>
    <node xml:id="wn-n299"/>
    <a xml:id="a299" label="sense" ref="wn-n299" as="wn">
        <fs>
            <f name="sense-key" value="null"/>
            <f name="annotator" value="anfahmy"/>
        </fs>
    </a>
    <node xml:id="wn-n3"/>
    <a xml:id="a3" label="sense" ref="wn-n3" as="wn">
        <fs>
            <f name="sense-key" value="wait%2:42:00::"/>
            <f name="annotator" value="veweser"/>
        </fs>
    </a>
    <node xml:id="wn-n30"/>
    <a xml:id="a30" label="sense" ref="wn-n30" as="wn">
        <fs>
            <f name="sense-key" value="wait%2:42:00::"/>
            <f name="annotator" value="brubin"/>
        </fs>
    </a>
    <node xml:id="wn-n300"/>
    <a xml:id="a300" label="sense" ref="wn-n300" as="wn">
        <fs>
            <f name="sense-key" value="find%2:40:00::"/>
            <f name="annotator" value="anfahmy"/>
        </fs>
    </a>
    <node xml:id="wn-n301"/>
    <a xml:id="a301" label="sense" ref="wn-n301" as="wn">
        <fs>
            <f name="sense-key" value="find%2:40:00::"/>
            <f name="annotator" value="anfahmy"/>
        </fs>
    </a>
    <node xml:id="wn-n302"/>
    <a xml:id="a302" label="sense" ref="wn-n302" as="wn">
        <fs>
            <f name="sense-key" value="find%2:40:00::"/>
            <f name="annotator" value="anfahmy"/>
        </fs>
    </a>
    <node xml:id="wn-n303"/>
    <a xml:id="a303" label="sense" ref="wn-n303" as="wn">
        <fs>
            <f name="sense-key" value="find%2:40:02::"/>
            <f name="annotator" value="anfahmy"/>
        </fs>
    </a>
    <node xml:id="wn-n304"/>
    <a xml:id="a304" label="sense" ref="wn-n304" as="wn">
        <fs>
            <f name="sense-key" value="find%2:40:00::"/>
            <f name="annotator" value="anfahmy"/>
        </fs>
    </a>
    <node xml:id="wn-n305"/>
    <a xml:id="a305" label="sense" ref="wn-n305" as="wn">
        <fs>
            <f name="sense-key" value="find%2:40:00::"/>
            <f name="annotator" value="anfahmy"/>
        </fs>
    </a>
    <node xml:id="wn-n306"/>
    <a xml:id="a306" label="sense" ref="wn-n306" as="wn">
        <fs>
            <f name="sense-key" value="find%2:40:00::"/>
            <f name="annotator" value="anfahmy"/>
        </fs>
    </a>
    <node xml:id="wn-n307"/>
    <a xml:id="a307" label="sense" ref="wn-n307" as="wn">
        <fs>
            <f name="sense-key" value="find%2:40:00::"/>
            <f name="annotator" value="anfahmy"/>
        </fs>
    </a>
    <node xml:id="wn-n308"/>
    <a xml:id="a308" label="sense" ref="wn-n308" as="wn">
        <fs>
            <f name="sense-key" value="null"/>
            <f name="annotator" value="anfahmy"/>
        </fs>
    </a>
    <node xml:id="wn-n309"/>
    <a xml:id="a309" label="sense" ref="wn-n309" as="wn">
        <fs>
            <f name="sense-key" value="null"/>
            <f name="annotator" value="anfahmy"/>
        </fs>
    </a>
    <node xml:id="wn-n31"/>
    <a xml:id="a31" label="sense" ref="wn-n31" as="wn">
        <fs>
            <f name="sense-key" value="null"/>
            <f name="annotator" value="anfahmy"/>
        </fs>
    </a>
    <node xml:id="wn-n310"/>
    <a xml:id="a310" label="sense" ref="wn-n310" as="wn">
        <fs>
            <f name="sense-key" value="find%2:40:00::"/>
            <f name="annotator" value="anfahmy"/>
        </fs>
    </a>
    <node xml:id="wn-n311"/>
    <a xml:id="a311" label="sense" ref="wn-n311" as="wn">
        <fs>
            <f name="sense-key" value="find%2:39:02::"/>
            <f name="annotator" value="anfahmy"/>
        </fs>
    </a>
    <node xml:id="wn-n312"/>
    <a xml:id="a312" label="sense" ref="wn-n312" as="wn">
        <fs>
            <f name="sense-key" value="find%2:40:00::"/>
            <f name="annotator" value="anfahmy"/>
        </fs>
    </a>
    <node xml:id="wn-n313"/>
    <a xml:id="a313" label="sense" ref="wn-n313" as="wn">
        <fs>
            <f name="sense-key" value="find%2:39:02::"/>
            <f name="annotator" value="anfahmy"/>
        </fs>
    </a>
    <node xml:id="wn-n314"/>
    <a xml:id="a314" label="sense" ref="wn-n314" as="wn">
        <fs>
            <f name="sense-key" value="null"/>
            <f name="annotator" value="anfahmy"/>
        </fs>
    </a>
    <node xml:id="wn-n315"/>
    <a xml:id="a315" label="sense" ref="wn-n315" as="wn">
        <fs>
            <f name="sense-key" value="find%2:40:00::"/>
            <f name="annotator" value="anfahmy"/>
        </fs>
    </a>
    <node xml:id="wn-n316"/>
    <a xml:id="a316" label="sense" ref="wn-n316" as="wn">
        <fs>
            <f name="sense-key" value="find%2:40:00::"/>
            <f name="annotator" value="anfahmy"/>
        </fs>
    </a>
    <node xml:id="wn-n317"/>
    <a xml:id="a317" label="sense" ref="wn-n317" as="wn">
        <fs>
            <f name="sense-key" value="find%2:40:00::"/>
            <f name="annotator" value="anfahmy"/>
        </fs>
    </a>
    <node xml:id="wn-n318"/>
    <a xml:id="a318" label="sense" ref="wn-n318" as="wn">
        <fs>
            <f name="sense-key" value="find%2:40:00::"/>
            <f name="annotator" value="anfahmy"/>
        </fs>
    </a>
    <node xml:id="wn-n319"/>
    <a xml:id="a319" label="sense" ref="wn-n319" as="wn">
        <fs>
            <f name="sense-key" value="null"/>
            <f name="annotator" value="anfahmy"/>
        </fs>
    </a>
    <node xml:id="wn-n32"/>
    <a xml:id="a32" label="sense" ref="wn-n32" as="wn">
        <fs>
            <f name="sense-key" value="wait%2:42:00::"/>
            <f name="annotator" value="anfahmy"/>
        </fs>
    </a>
    <node xml:id="wn-n320"/>
    <a xml:id="a320" label="sense" ref="wn-n320" as="wn">
        <fs>
            <f name="sense-key" value="familiar%3:00:00::"/>
            <f name="annotator" value="vebatchelder"/>
        </fs>
    </a>
    <node xml:id="wn-n321"/>
    <a xml:id="a321" label="sense" ref="wn-n321" as="wn">
        <fs>
            <f name="sense-key" value="familiar%3:00:00::"/>
            <f name="annotator" value="anfahmy"/>
        </fs>
    </a>
    <node xml:id="wn-n322"/>
    <a xml:id="a322" label="sense" ref="wn-n322" as="wn">
        <fs>
            <f name="sense-key" value="null"/>
            <f name="annotator" value="anfahmy"/>
        </fs>
    </a>
    <node xml:id="wn-n323"/>
    <a xml:id="a323" label="sense" ref="wn-n323" as="wn">
        <fs>
            <f name="sense-key" value="null"/>
            <f name="annotator" value="anfahmy"/>
        </fs>
    </a>
    <node xml:id="wn-n324"/>
    <a xml:id="a324" label="sense" ref="wn-n324" as="wn">
        <fs>
            <f name="sense-key" value="null"/>
            <f name="annotator" value="anfahmy"/>
        </fs>
    </a>
    <node xml:id="wn-n325"/>
    <a xml:id="a325" label="sense" ref="wn-n325" as="wn">
        <fs>
            <f name="sense-key" value="null"/>
            <f name="annotator" value="anfahmy"/>
        </fs>
    </a>
    <node xml:id="wn-n326"/>
    <a xml:id="a326" label="sense" ref="wn-n326" as="wn">
        <fs>
            <f name="sense-key" value="null"/>
            <f name="annotator" value="anfahmy"/>
        </fs>
    </a>
    <node xml:id="wn-n327"/>
    <a xml:id="a327" label="sense" ref="wn-n327" as="wn">
        <fs>
            <f name="sense-key" value="null"/>
            <f name="annotator" value="anfahmy"/>
        </fs>
    </a>
    <node xml:id="wn-n328"/>
    <a xml:id="a328" label="sense" ref="wn-n328" as="wn">
        <fs>
            <f name="sense-key" value="null"/>
            <f name="annotator" value="anfahmy"/>
        </fs>
    </a>
    <node xml:id="wn-n329"/>
    <a xml:id="a329" label="sense" ref="wn-n329" as="wn">
        <fs>
            <f name="sense-key" value="null"/>
            <f name="annotator" value="anfahmy"/>
        </fs>
    </a>
    <node xml:id="wn-n33"/>
    <a xml:id="a33" label="sense" ref="wn-n33" as="wn">
        <fs>
            <f name="sense-key" value="wait%2:42:00::"/>
            <f name="annotator" value="anfahmy"/>
        </fs>
    </a>
    <node xml:id="wn-n330"/>
    <a xml:id="a330" label="sense" ref="wn-n330" as="wn">
        <fs>
            <f name="sense-key" value="null"/>
            <f name="annotator" value="anfahmy"/>
        </fs>
    </a>
    <node xml:id="wn-n331"/>
    <a xml:id="a331" label="sense" ref="wn-n331" as="wn">
        <fs>
            <f name="sense-key" value="face%1:08:00::"/>
            <f name="annotator" value="anfahmy"/>
        </fs>
    </a>
    <node xml:id="wn-n332"/>
    <a xml:id="a332" label="sense" ref="wn-n332" as="wn">
        <fs>
            <f name="sense-key" value="face%1:08:00::"/>
            <f name="annotator" value="anfahmy"/>
        </fs>
    </a>
    <node xml:id="wn-n333"/>
    <a xml:id="a333" label="sense" ref="wn-n333" as="wn">
        <fs>
            <f name="sense-key" value="face%1:08:00::"/>
            <f name="annotator" value="anfahmy"/>
        </fs>
    </a>
    <node xml:id="wn-n334"/>
    <a xml:id="a334" label="sense" ref="wn-n334" as="wn">
        <fs>
            <f name="sense-key" value="null"/>
            <f name="annotator" value="anfahmy"/>
        </fs>
    </a>
    <node xml:id="wn-n335"/>
    <a xml:id="a335" label="sense" ref="wn-n335" as="wn">
        <fs>
            <f name="sense-key" value="face%1:18:00::"/>
            <f name="annotator" value="anfahmy"/>
        </fs>
    </a>
    <node xml:id="wn-n336"/>
    <a xml:id="a336" label="sense" ref="wn-n336" as="wn">
        <fs>
            <f name="sense-key" value="null"/>
            <f name="annotator" value="anfahmy"/>
        </fs>
    </a>
    <node xml:id="wn-n337"/>
    <a xml:id="a337" label="sense" ref="wn-n337" as="wn">
        <fs>
            <f name="sense-key" value="face%1:08:00::"/>
            <f name="annotator" value="anfahmy"/>
        </fs>
    </a>
    <node xml:id="wn-n338"/>
    <a xml:id="a338" label="sense" ref="wn-n338" as="wn">
        <fs>
            <f name="sense-key" value="null"/>
            <f name="annotator" value="anfahmy"/>
        </fs>
    </a>
    <node xml:id="wn-n34"/>
    <a xml:id="a34" label="sense" ref="wn-n34" as="wn">
        <fs>
            <f name="sense-key" value="null"/>
            <f name="annotator" value="anfahmy"/>
        </fs>
    </a>
    <node xml:id="wn-n35"/>
    <a xml:id="a35" label="sense" ref="wn-n35" as="wn">
        <fs>
            <f name="sense-key" value="wait%2:42:00::"/>
            <f name="annotator" value="anfahmy"/>
        </fs>
    </a>
    <node xml:id="wn-n36"/>
    <a xml:id="a36" label="sense" ref="wn-n36" as="wn">
        <fs>
            <f name="sense-key" value="null"/>
            <f name="annotator" value="anfahmy"/>
        </fs>
    </a>
    <node xml:id="wn-n37"/>
    <a xml:id="a37" label="sense" ref="wn-n37" as="wn">
        <fs>
            <f name="sense-key" value="null"/>
            <f name="annotator" value="anfahmy"/>
        </fs>
    </a>
    <node xml:id="wn-n38"/>
    <a xml:id="a38" label="sense" ref="wn-n38" as="wn">
        <fs>
            <f name="sense-key" value="null"/>
            <f name="annotator" value="anfahmy"/>
        </fs>
    </a>
    <node xml:id="wn-n39"/>
    <a xml:id="a39" label="sense" ref="wn-n39" as="wn">
        <fs>
            <f name="sense-key" value="wait%2:42:00::"/>
            <f name="annotator" value="anfahmy"/>
        </fs>
    </a>
    <node xml:id="wn-n4"/>
    <a xml:id="a4" label="sense" ref="wn-n4" as="wn">
        <fs>
            <f name="sense-key" value="wait%2:42:01::"/>
            <f name="annotator" value="veweser"/>
        </fs>
    </a>
    <node xml:id="wn-n40"/>
    <a xml:id="a40" label="sense" ref="wn-n40" as="wn">
        <fs>
            <f name="sense-key" value="null"/>
            <f name="annotator" value="anfahmy"/>
        </fs>
    </a>
    <node xml:id="wn-n41"/>
    <a xml:id="a41" label="sense" ref="wn-n41" as="wn">
        <fs>
            <f name="sense-key" value="use%2:34:01::"/>
            <f name="annotator" value="anfahmy"/>
        </fs>
    </a>
    <node xml:id="wn-n42"/>
    <a xml:id="a42" label="sense" ref="wn-n42" as="wn">
        <fs>
            <f name="sense-key" value="null"/>
            <f name="annotator" value="anfahmy"/>
        </fs>
    </a>
    <node xml:id="wn-n43"/>
    <a xml:id="a43" label="sense" ref="wn-n43" as="wn">
        <fs>
            <f name="sense-key" value="null"/>
            <f name="annotator" value="anfahmy"/>
        </fs>
    </a>
    <node xml:id="wn-n44"/>
    <a xml:id="a44" label="sense" ref="wn-n44" as="wn">
        <fs>
            <f name="sense-key" value="null"/>
            <f name="annotator" value="anfahmy"/>
        </fs>
    </a>
    <node xml:id="wn-n45"/>
    <a xml:id="a45" label="sense" ref="wn-n45" as="wn">
        <fs>
            <f name="sense-key" value="null"/>
            <f name="annotator" value="anfahmy"/>
        </fs>
    </a>
    <node xml:id="wn-n46"/>
    <a xml:id="a46" label="sense" ref="wn-n46" as="wn">
        <fs>
            <f name="sense-key" value="use%2:34:01::"/>
            <f name="annotator" value="anfahmy"/>
        </fs>
    </a>
    <node xml:id="wn-n47"/>
    <a xml:id="a47" label="sense" ref="wn-n47" as="wn">
        <fs>
            <f name="sense-key" value="null"/>
            <f name="annotator" value="anfahmy"/>
        </fs>
    </a>
    <node xml:id="wn-n48"/>
    <a xml:id="a48" label="sense" ref="wn-n48" as="wn">
        <fs>
            <f name="sense-key" value="null"/>
            <f name="annotator" value="anfahmy"/>
        </fs>
    </a>
    <node xml:id="wn-n49"/>
    <a xml:id="a49" label="sense" ref="wn-n49" as="wn">
        <fs>
            <f name="sense-key" value="use%2:34:01::"/>
            <f name="annotator" value="anfahmy"/>
        </fs>
    </a>
    <node xml:id="wn-n5"/>
    <a xml:id="a5" label="sense" ref="wn-n5" as="wn">
        <fs>
            <f name="sense-key" value="wait%2:42:00::"/>
            <f name="annotator" value="veweser"/>
        </fs>
    </a>
    <node xml:id="wn-n50"/>
    <a xml:id="a50" label="sense" ref="wn-n50" as="wn">
        <fs>
            <f name="sense-key" value="use%2:34:01::"/>
            <f name="annotator" value="anfahmy"/>
        </fs>
    </a>
    <node xml:id="wn-n51"/>
    <a xml:id="a51" label="sense" ref="wn-n51" as="wn">
        <fs>
            <f name="sense-key" value="null"/>
            <f name="annotator" value="anfahmy"/>
        </fs>
    </a>
    <node xml:id="wn-n52"/>
    <a xml:id="a52" label="sense" ref="wn-n52" as="wn">
        <fs>
            <f name="sense-key" value="try%2:41:00::"/>
            <f name="annotator" value="vebatchelder"/>
        </fs>
    </a>
    <node xml:id="wn-n53"/>
    <a xml:id="a53" label="sense" ref="wn-n53" as="wn">
        <fs>
            <f name="sense-key" value="null"/>
            <f name="annotator" value="vebatchelder"/>
        </fs>
    </a>
    <node xml:id="wn-n54"/>
    <a xml:id="a54" label="sense" ref="wn-n54" as="wn">
        <fs>
            <f name="sense-key" value="null"/>
            <f name="annotator" value="vebatchelder"/>
        </fs>
    </a>
    <node xml:id="wn-n55"/>
    <a xml:id="a55" label="sense" ref="wn-n55" as="wn">
        <fs>
            <f name="sense-key" value="try%2:41:00::"/>
            <f name="annotator" value="vebatchelder"/>
        </fs>
    </a>
    <node xml:id="wn-n56"/>
    <a xml:id="a56" label="sense" ref="wn-n56" as="wn">
        <fs>
            <f name="sense-key" value="null"/>
            <f name="annotator" value="vebatchelder"/>
        </fs>
    </a>
    <node xml:id="wn-n57"/>
    <a xml:id="a57" label="sense" ref="wn-n57" as="wn">
        <fs>
            <f name="sense-key" value="try%2:41:00::"/>
            <f name="annotator" value="vebatchelder"/>
        </fs>
    </a>
    <node xml:id="wn-n58"/>
    <a xml:id="a58" label="sense" ref="wn-n58" as="wn">
        <fs>
            <f name="sense-key" value="try%2:41:00::"/>
            <f name="annotator" value="vebatchelder"/>
        </fs>
    </a>
    <node xml:id="wn-n59"/>
    <a xml:id="a59" label="sense" ref="wn-n59" as="wn">
        <fs>
            <f name="sense-key" value="null"/>
            <f name="annotator" value="vebatchelder"/>
        </fs>
    </a>
    <node xml:id="wn-n6"/>
    <a xml:id="a6" label="sense" ref="wn-n6" as="wn">
        <fs>
            <f name="sense-key" value="wait%2:42:00::"/>
            <f name="annotator" value="veweser"/>
        </fs>
    </a>
    <node xml:id="wn-n60"/>
    <a xml:id="a60" label="sense" ref="wn-n60" as="wn">
        <fs>
            <f name="sense-key" value="try%2:29:00::"/>
            <f name="annotator" value="vebatchelder"/>
        </fs>
    </a>
    <node xml:id="wn-n61"/>
    <a xml:id="a61" label="sense" ref="wn-n61" as="wn">
        <fs>
            <f name="sense-key" value="true%3:00:00::"/>
            <f name="annotator" value="vebatchelder"/>
        </fs>
    </a>
    <node xml:id="wn-n62"/>
    <a xml:id="a62" label="sense" ref="wn-n62" as="wn">
        <fs>
            <f name="sense-key" value="true%3:00:00::"/>
            <f name="annotator" value="anfahmy"/>
        </fs>
    </a>
    <node xml:id="wn-n63"/>
    <a xml:id="a63" label="sense" ref="wn-n63" as="wn">
        <fs>
            <f name="sense-key" value="true%3:00:00::"/>
            <f name="annotator" value="anfahmy"/>
        </fs>
    </a>
    <node xml:id="wn-n64"/>
    <a xml:id="a64" label="sense" ref="wn-n64" as="wn">
        <fs>
            <f name="sense-key" value="true%3:00:00::"/>
            <f name="annotator" value="anfahmy"/>
        </fs>
    </a>
    <node xml:id="wn-n65"/>
    <a xml:id="a65" label="sense" ref="wn-n65" as="wn">
        <fs>
            <f name="sense-key" value="true%3:00:00::"/>
            <f name="annotator" value="adelpriore"/>
        </fs>
    </a>
    <node xml:id="wn-n66"/>
    <a xml:id="a66" label="sense" ref="wn-n66" as="wn">
        <fs>
            <f name="sense-key" value="true%3:00:00::"/>
            <f name="annotator" value="adelpriore"/>
        </fs>
    </a>
    <node xml:id="wn-n67"/>
    <a xml:id="a67" label="sense" ref="wn-n67" as="wn">
        <fs>
            <f name="sense-key" value="true%3:00:00::"/>
            <f name="annotator" value="adelpriore"/>
        </fs>
    </a>
    <node xml:id="wn-n68"/>
    <a xml:id="a68" label="sense" ref="wn-n68" as="wn">
        <fs>
            <f name="sense-key" value="null"/>
            <f name="annotator" value="anfahmy"/>
        </fs>
    </a>
    <node xml:id="wn-n69"/>
    <a xml:id="a69" label="sense" ref="wn-n69" as="wn">
        <fs>
            <f name="sense-key" value="strike%2:31:00::"/>
            <f name="annotator" value="anfahmy"/>
        </fs>
    </a>
    <node xml:id="wn-n7"/>
    <a xml:id="a7" label="sense" ref="wn-n7" as="wn">
        <fs>
            <f name="sense-key" value="wait%2:42:00::"/>
            <f name="annotator" value="veweser"/>
        </fs>
    </a>
    <node xml:id="wn-n70"/>
    <a xml:id="a70" label="sense" ref="wn-n70" as="wn">
        <fs>
            <f name="sense-key" value="null"/>
            <f name="annotator" value="anfahmy"/>
        </fs>
    </a>
    <node xml:id="wn-n71"/>
    <a xml:id="a71" label="sense" ref="wn-n71" as="wn">
        <fs>
            <f name="sense-key" value="null"/>
            <f name="annotator" value="anfahmy"/>
        </fs>
    </a>
    <node xml:id="wn-n72"/>
    <a xml:id="a72" label="sense" ref="wn-n72" as="wn">
        <fs>
            <f name="sense-key" value="null"/>
            <f name="annotator" value="anfahmy"/>
        </fs>
    </a>
    <node xml:id="wn-n73"/>
    <a xml:id="a73" label="sense" ref="wn-n73" as="wn">
        <fs>
            <f name="sense-key" value="null"/>
            <f name="annotator" value="anfahmy"/>
        </fs>
    </a>
    <node xml:id="wn-n74"/>
    <a xml:id="a74" label="sense" ref="wn-n74" as="wn">
        <fs>
            <f name="sense-key" value="null"/>
            <f name="annotator" value="anfahmy"/>
        </fs>
    </a>
    <node xml:id="wn-n75"/>
    <a xml:id="a75" label="sense" ref="wn-n75" as="wn">
        <fs>
            <f name="sense-key" value="null"/>
            <f name="annotator" value="anfahmy"/>
        </fs>
    </a>
    <node xml:id="wn-n76"/>
    <a xml:id="a76" label="sense" ref="wn-n76" as="wn">
        <fs>
            <f name="sense-key" value="null"/>
            <f name="annotator" value="anfahmy"/>
        </fs>
    </a>
    <node xml:id="wn-n77"/>
    <a xml:id="a77" label="sense" ref="wn-n77" as="wn">
        <fs>
            <f name="sense-key" value="sound%1:07:00::"/>
            <f name="annotator" value="anfahmy"/>
        </fs>
    </a>
    <node xml:id="wn-n78"/>
    <a xml:id="a78" label="sense" ref="wn-n78" as="wn">
        <fs>
            <f name="sense-key" value="null"/>
            <f name="annotator" value="anfahmy"/>
        </fs>
    </a>
    <node xml:id="wn-n79"/>
    <a xml:id="a79" label="sense" ref="wn-n79" as="wn">
        <fs>
            <f name="sense-key" value="null"/>
            <f name="annotator" value="anfahmy"/>
        </fs>
    </a>
    <node xml:id="wn-n8"/>
    <a xml:id="a8" label="sense" ref="wn-n8" as="wn">
        <fs>
            <f name="sense-key" value="wait%2:42:00::"/>
            <f name="annotator" value="veweser"/>
        </fs>
    </a>
    <node xml:id="wn-n80"/>
    <a xml:id="a80" label="sense" ref="wn-n80" as="wn">
        <fs>
            <f name="sense-key" value="null"/>
            <f name="annotator" value="anfahmy"/>
        </fs>
    </a>
    <node xml:id="wn-n81"/>
    <a xml:id="a81" label="sense" ref="wn-n81" as="wn">
        <fs>
            <f name="sense-key" value="null"/>
            <f name="annotator" value="anfahmy"/>
        </fs>
    </a>
    <node xml:id="wn-n82"/>
    <a xml:id="a82" label="sense" ref="wn-n82" as="wn">
        <fs>
            <f name="sense-key" value="sound%1:07:00::"/>
            <f name="annotator" value="anfahmy"/>
        </fs>
    </a>
    <node xml:id="wn-n83"/>
    <a xml:id="a83" label="sense" ref="wn-n83" as="wn">
        <fs>
            <f name="sense-key" value="sound%1:07:00::"/>
            <f name="annotator" value="anfahmy"/>
        </fs>
    </a>
    <node xml:id="wn-n84"/>
    <a xml:id="a84" label="sense" ref="wn-n84" as="wn">
        <fs>
            <f name="sense-key" value="null"/>
            <f name="annotator" value="anfahmy"/>
        </fs>
    </a>
    <node xml:id="wn-n85"/>
    <a xml:id="a85" label="sense" ref="wn-n85" as="wn">
        <fs>
            <f name="sense-key" value="serve%2:41:01::"/>
            <f name="annotator" value="anfahmy"/>
        </fs>
    </a>
    <node xml:id="wn-n86"/>
    <a xml:id="a86" label="sense" ref="wn-n86" as="wn">
        <fs>
            <f name="sense-key" value="serve%2:41:01::"/>
            <f name="annotator" value="anfahmy"/>
        </fs>
    </a>
    <node xml:id="wn-n87"/>
    <a xml:id="a87" label="sense" ref="wn-n87" as="wn">
        <fs>
            <f name="sense-key" value="serve%2:41:01::"/>
            <f name="annotator" value="anfahmy"/>
        </fs>
    </a>
    <node xml:id="wn-n88"/>
    <a xml:id="a88" label="sense" ref="wn-n88" as="wn">
        <fs>
            <f name="sense-key" value="serve%2:42:02::"/>
            <f name="annotator" value="anfahmy"/>
        </fs>
    </a>
    <node xml:id="wn-n89"/>
    <a xml:id="a89" label="sense" ref="wn-n89" as="wn">
        <fs>
            <f name="sense-key" value="serve%2:42:02::"/>
            <f name="annotator" value="anfahmy"/>
        </fs>
    </a>
    <node xml:id="wn-n9"/>
    <a xml:id="a9" label="sense" ref="wn-n9" as="wn">
        <fs>
            <f name="sense-key" value="wait%2:42:00::"/>
            <f name="annotator" value="veweser"/>
        </fs>
    </a>
    <node xml:id="wn-n90"/>
    <a xml:id="a90" label="sense" ref="wn-n90" as="wn">
        <fs>
            <f name="sense-key" value="null"/>
            <f name="annotator" value="veweser"/>
        </fs>
    </a>
    <node xml:id="wn-n91"/>
    <a xml:id="a91" label="sense" ref="wn-n91" as="wn">
        <fs>
            <f name="sense-key" value="sense%1:09:05::"/>
            <f name="annotator" value="veweser"/>
        </fs>
    </a>
    <node xml:id="wn-n92"/>
    <a xml:id="a92" label="sense" ref="wn-n92" as="wn">
        <fs>
            <f name="sense-key" value="null"/>
            <f name="annotator" value="veweser"/>
        </fs>
    </a>
    <node xml:id="wn-n93"/>
    <a xml:id="a93" label="sense" ref="wn-n93" as="wn">
        <fs>
            <f name="sense-key" value="sense%1:09:05::"/>
            <f name="annotator" value="cgozo"/>
        </fs>
    </a>
    <node xml:id="wn-n94"/>
    <a xml:id="a94" label="sense" ref="wn-n94" as="wn">
        <fs>
            <f name="sense-key" value="sense%1:09:05::"/>
            <f name="annotator" value="cgozo"/>
        </fs>
    </a>
    <node xml:id="wn-n95"/>
    <a xml:id="a95" label="sense" ref="wn-n95" as="wn">
        <fs>
            <f name="sense-key" value="sense%1:09:04::"/>
            <f name="annotator" value="cgozo"/>
        </fs>
    </a>
    <node xml:id="wn-n96"/>
    <a xml:id="a96" label="sense" ref="wn-n96" as="wn">
        <fs>
            <f name="sense-key" value="sense%1:09:05::"/>
            <f name="annotator" value="brubin"/>
        </fs>
    </a>
    <node xml:id="wn-n97"/>
    <a xml:id="a97" label="sense" ref="wn-n97" as="wn">
        <fs>
            <f name="sense-key" value="sense%1:09:06::"/>
            <f name="annotator" value="brubin"/>
        </fs>
    </a>
    <node xml:id="wn-n98"/>
    <a xml:id="a98" label="sense" ref="wn-n98" as="wn">
        <fs>
            <f name="sense-key" value="sense%1:09:04::"/>
            <f name="annotator" value="brubin"/>
        </fs>
    </a>
    <node xml:id="wn-n99"/>
    <a xml:id="a99" label="sense" ref="wn-n99" as="wn">
        <fs>
            <f name="sense-key" value="sense%1:09:05::"/>
            <f name="annotator" value="anfahmy"/>
        </fs>
    </a>
    <edge xml:id="e149" from="wn-n149" to="penn-n6763"/>
    <edge xml:id="e148" from="wn-n148" to="penn-n6885"/>
    <edge xml:id="e202" from="wn-n202" to="penn-n5457"/>
    <edge xml:id="e201" from="wn-n201" to="penn-n13626"/>
    <edge xml:id="e200" from="wn-n200" to="penn-n13626"/>
    <edge xml:id="e209" from="wn-n209" to="penn-n5457"/>
    <edge xml:id="e207" from="wn-n207" to="penn-n14897"/>
    <edge xml:id="e208" from="wn-n208" to="penn-n935"/>
    <edge xml:id="e205" from="wn-n205" to="penn-n9706"/>
    <edge xml:id="e206" from="wn-n206" to="penn-n13626"/>
    <edge xml:id="e203" from="wn-n203" to="penn-n7937"/>
    <edge xml:id="e204" from="wn-n204" to="penn-n9731"/>
    <edge xml:id="e142" from="wn-n142" to="penn-n22302"/>
    <edge xml:id="e143" from="wn-n143" to="penn-n14189"/>
    <edge xml:id="e140" from="wn-n140" to="penn-n18423"/>
    <edge xml:id="e141" from="wn-n141" to="penn-n12286"/>
    <edge xml:id="e146" from="wn-n146" to="penn-n7193"/>
    <edge xml:id="e147" from="wn-n147" to="penn-n6932"/>
    <edge xml:id="e144" from="wn-n144" to="penn-n9800"/>
    <edge xml:id="e145" from="wn-n145" to="penn-n7585"/>
    <edge xml:id="e138" from="wn-n138" to="penn-n21098"/>
    <edge xml:id="e137" from="wn-n137" to="penn-n12286"/>
    <edge xml:id="e330" from="wn-n330" to="penn-n9122"/>
    <edge xml:id="e139" from="wn-n139" to="penn-n19245"/>
    <edge xml:id="e332" from="wn-n332" to="penn-n6876"/>
    <edge xml:id="e331" from="wn-n331" to="penn-n8412"/>
    <edge xml:id="e334" from="wn-n334" to="penn-n6127"/>
    <edge xml:id="e333" from="wn-n333" to="penn-n6864"/>
    <edge xml:id="e335" from="wn-n335" to="penn-n3758"/>
    <edge xml:id="e336" from="wn-n336" to="penn-n3456"/>
    <edge xml:id="e130" from="wn-n130" to="penn-n21098"/>
    <edge xml:id="e337" from="wn-n337" to="penn-n3382"/>
    <edge xml:id="e131" from="wn-n131" to="penn-n19245"/>
    <edge xml:id="e338" from="wn-n338" to="penn-n2304"/>
    <edge xml:id="e132" from="wn-n132" to="penn-n18423"/>
    <edge xml:id="e133" from="wn-n133" to="penn-n12286"/>
    <edge xml:id="e134" from="wn-n134" to="penn-n21098"/>
    <edge xml:id="e135" from="wn-n135" to="penn-n19245"/>
    <edge xml:id="e136" from="wn-n136" to="penn-n18423"/>
    <edge xml:id="e323" from="wn-n323" to="penn-n21615"/>
    <edge xml:id="e322" from="wn-n322" to="penn-n21713"/>
    <edge xml:id="e321" from="wn-n321" to="penn-n3757"/>
    <edge xml:id="e19" from="wn-n19" to="penn-n19560"/>
    <edge xml:id="e320" from="wn-n320" to="penn-n3757"/>
    <edge xml:id="e18" from="wn-n18" to="penn-n3317"/>
    <edge xml:id="e17" from="wn-n17" to="penn-n6079"/>
    <edge xml:id="e129" from="wn-n129" to="penn-n12286"/>
    <edge xml:id="e16" from="wn-n16" to="penn-n900"/>
    <edge xml:id="e128" from="wn-n128" to="penn-n18423"/>
    <edge xml:id="e15" from="wn-n15" to="penn-n5846"/>
    <edge xml:id="e127" from="wn-n127" to="penn-n19245"/>
    <edge xml:id="e14" from="wn-n14" to="penn-n3317"/>
    <edge xml:id="e126" from="wn-n126" to="penn-n21098"/>
    <edge xml:id="e220" from="wn-n220" to="penn-n1857"/>
    <edge xml:id="e13" from="wn-n13" to="penn-n5846"/>
    <edge xml:id="e12" from="wn-n12" to="penn-n19560"/>
    <edge xml:id="e11" from="wn-n11" to="penn-n20930"/>
    <edge xml:id="e10" from="wn-n10" to="penn-n4500"/>
    <edge xml:id="e224" from="wn-n224" to="penn-n1857"/>
    <edge xml:id="e223" from="wn-n223" to="penn-n896"/>
    <edge xml:id="e222" from="wn-n222" to="penn-n1857"/>
    <edge xml:id="e221" from="wn-n221" to="penn-n896"/>
    <edge xml:id="e227" from="wn-n227" to="penn-n896"/>
    <edge xml:id="e228" from="wn-n228" to="penn-n13958"/>
    <edge xml:id="e225" from="wn-n225" to="penn-n896"/>
    <edge xml:id="e226" from="wn-n226" to="penn-n1857"/>
    <edge xml:id="e229" from="wn-n229" to="penn-n6008"/>
    <edge xml:id="e124" from="wn-n124" to="penn-n10082"/>
    <edge xml:id="e125" from="wn-n125" to="penn-n10082"/>
    <edge xml:id="e328" from="wn-n328" to="penn-n10227"/>
    <edge xml:id="e122" from="wn-n122" to="penn-n10082"/>
    <edge xml:id="e329" from="wn-n329" to="penn-n10221"/>
    <edge xml:id="e123" from="wn-n123" to="penn-n10082"/>
    <edge xml:id="e326" from="wn-n326" to="penn-n12242"/>
    <edge xml:id="e120" from="wn-n120" to="penn-n14719"/>
    <edge xml:id="e327" from="wn-n327" to="penn-n10232"/>
    <edge xml:id="e121" from="wn-n121" to="penn-n8179"/>
    <edge xml:id="e324" from="wn-n324" to="penn-n19695"/>
    <edge xml:id="e325" from="wn-n325" to="penn-n14011"/>
    <edge xml:id="e310" from="wn-n310" to="penn-n3220"/>
    <edge xml:id="e29" from="wn-n29" to="penn-n19560"/>
    <edge xml:id="e119" from="wn-n119" to="penn-n21302"/>
    <edge xml:id="e312" from="wn-n312" to="penn-n13653"/>
    <edge xml:id="e311" from="wn-n311" to="penn-n15594"/>
    <edge xml:id="e26" from="wn-n26" to="penn-n900"/>
    <edge xml:id="e116" from="wn-n116" to="penn-n15647"/>
    <edge xml:id="e25" from="wn-n25" to="penn-n5846"/>
    <edge xml:id="e115" from="wn-n115" to="penn-n18515"/>
    <edge xml:id="e28" from="wn-n28" to="penn-n3317"/>
    <edge xml:id="e118" from="wn-n118" to="penn-n11219"/>
    <edge xml:id="e27" from="wn-n27" to="penn-n6079"/>
    <edge xml:id="e117" from="wn-n117" to="penn-n21842"/>
    <edge xml:id="e22" from="wn-n22" to="penn-n19560"/>
    <edge xml:id="e21" from="wn-n21" to="penn-n20930"/>
    <edge xml:id="e24" from="wn-n24" to="penn-n3317"/>
    <edge xml:id="e23" from="wn-n23" to="penn-n5846"/>
    <edge xml:id="e211" from="wn-n211" to="penn-n9731"/>
    <edge xml:id="e210" from="wn-n210" to="penn-n7937"/>
    <edge xml:id="e213" from="wn-n213" to="penn-n13626"/>
    <edge xml:id="e20" from="wn-n20" to="penn-n4500"/>
    <edge xml:id="e212" from="wn-n212" to="penn-n9706"/>
    <edge xml:id="e214" from="wn-n214" to="penn-n7770"/>
    <edge xml:id="e215" from="wn-n215" to="penn-n5457"/>
    <edge xml:id="e216" from="wn-n216" to="penn-n7937"/>
    <edge xml:id="e217" from="wn-n217" to="penn-n9731"/>
    <edge xml:id="e218" from="wn-n218" to="penn-n9706"/>
    <edge xml:id="e219" from="wn-n219" to="penn-n2993"/>
    <edge xml:id="e317" from="wn-n317" to="penn-n1423"/>
    <edge xml:id="e111" from="wn-n111" to="penn-n6971"/>
    <edge xml:id="e318" from="wn-n318" to="penn-n9917"/>
    <edge xml:id="e112" from="wn-n112" to="penn-n5575"/>
    <edge xml:id="e319" from="wn-n319" to="penn-n19429"/>
    <edge xml:id="e113" from="wn-n113" to="penn-n21120"/>
    <edge xml:id="e114" from="wn-n114" to="penn-n19111"/>
    <edge xml:id="e313" from="wn-n313" to="penn-n14912"/>
    <edge xml:id="e314" from="wn-n314" to="penn-n4703"/>
    <edge xml:id="e315" from="wn-n315" to="penn-n3168"/>
    <edge xml:id="e316" from="wn-n316" to="penn-n1438"/>
    <edge xml:id="e110" from="wn-n110" to="penn-n11635"/>
    <edge xml:id="e245" from="wn-n245" to="penn-n4703"/>
    <edge xml:id="e30" from="wn-n30" to="penn-n4500"/>
    <edge xml:id="e246" from="wn-n246" to="penn-n3168"/>
    <edge xml:id="e31" from="wn-n31" to="penn-n20930"/>
    <edge xml:id="e243" from="wn-n243" to="penn-n13653"/>
    <edge xml:id="e244" from="wn-n244" to="penn-n14912"/>
    <edge xml:id="e241" from="wn-n241" to="penn-n3220"/>
    <edge xml:id="e34" from="wn-n34" to="penn-n3317"/>
    <edge xml:id="e242" from="wn-n242" to="penn-n15594"/>
    <edge xml:id="e35" from="wn-n35" to="penn-n5846"/>
    <edge xml:id="e32" from="wn-n32" to="penn-n19560"/>
    <edge xml:id="e240" from="wn-n240" to="penn-n5961"/>
    <edge xml:id="e33" from="wn-n33" to="penn-n5846"/>
    <edge xml:id="e38" from="wn-n38" to="penn-n3317"/>
    <edge xml:id="e106" from="wn-n106" to="penn-n8573"/>
    <edge xml:id="e39" from="wn-n39" to="penn-n19560"/>
    <edge xml:id="e107" from="wn-n107" to="penn-n18556"/>
    <edge xml:id="e36" from="wn-n36" to="penn-n900"/>
    <edge xml:id="e104" from="wn-n104" to="penn-n11835"/>
    <edge xml:id="e37" from="wn-n37" to="penn-n6079"/>
    <edge xml:id="e105" from="wn-n105" to="penn-n10716"/>
    <edge xml:id="e108" from="wn-n108" to="penn-n13183"/>
    <edge xml:id="e109" from="wn-n109" to="penn-n13038"/>
    <edge xml:id="e103" from="wn-n103" to="penn-n17395"/>
    <edge xml:id="e102" from="wn-n102" to="penn-n10912"/>
    <edge xml:id="e101" from="wn-n101" to="penn-n1464"/>
    <edge xml:id="e100" from="wn-n100" to="penn-n16240"/>
    <edge xml:id="e249" from="wn-n249" to="penn-n9917"/>
    <edge xml:id="e248" from="wn-n248" to="penn-n1423"/>
    <edge xml:id="e247" from="wn-n247" to="penn-n1438"/>
    <edge xml:id="e232" from="wn-n232" to="penn-n13836"/>
    <edge xml:id="e233" from="wn-n233" to="penn-n9744"/>
    <edge xml:id="e40" from="wn-n40" to="penn-n4500"/>
    <edge xml:id="e234" from="wn-n234" to="penn-n7976"/>
    <edge xml:id="e41" from="wn-n41" to="penn-n19514"/>
    <edge xml:id="e235" from="wn-n235" to="penn-n7941"/>
    <edge xml:id="e42" from="wn-n42" to="penn-n19461"/>
    <edge xml:id="e43" from="wn-n43" to="penn-n19318"/>
    <edge xml:id="e44" from="wn-n44" to="penn-n19231"/>
    <edge xml:id="e230" from="wn-n230" to="penn-n3537"/>
    <edge xml:id="e45" from="wn-n45" to="penn-n16982"/>
    <edge xml:id="e231" from="wn-n231" to="penn-n15453"/>
    <edge xml:id="e46" from="wn-n46" to="penn-n14793"/>
    <edge xml:id="e47" from="wn-n47" to="penn-n4048"/>
    <edge xml:id="e48" from="wn-n48" to="penn-n3958"/>
    <edge xml:id="e49" from="wn-n49" to="penn-n2043"/>
    <edge xml:id="e9" from="wn-n9" to="penn-n19560"/>
    <edge xml:id="e8" from="wn-n8" to="penn-n3317"/>
    <edge xml:id="e7" from="wn-n7" to="penn-n6079"/>
    <edge xml:id="e6" from="wn-n6" to="penn-n900"/>
    <edge xml:id="e5" from="wn-n5" to="penn-n5846"/>
    <edge xml:id="e3" from="wn-n3" to="penn-n3317"/>
    <edge xml:id="e4" from="wn-n4" to="penn-n20930"/>
    <edge xml:id="e1" from="wn-n1" to="penn-n19560"/>
    <edge xml:id="e2" from="wn-n2" to="penn-n5846"/>
    <edge xml:id="e0" from="wn-n0" to="penn-n20930"/>
    <edge xml:id="e237" from="wn-n237" to="penn-n1918"/>
    <edge xml:id="e236" from="wn-n236" to="penn-n3801"/>
    <edge xml:id="e239" from="wn-n239" to="penn-n7973"/>
    <edge xml:id="e238" from="wn-n238" to="penn-n13156"/>
    <edge xml:id="e263" from="wn-n263" to="penn-n5961"/>
    <edge xml:id="e56" from="wn-n56" to="penn-n11994"/>
    <edge xml:id="e264" from="wn-n264" to="penn-n3220"/>
    <edge xml:id="e57" from="wn-n57" to="penn-n5279"/>
    <edge xml:id="e261" from="wn-n261" to="penn-n13156"/>
    <edge xml:id="e54" from="wn-n54" to="penn-n18880"/>
    <edge xml:id="e262" from="wn-n262" to="penn-n7973"/>
    <edge xml:id="e55" from="wn-n55" to="penn-n12178"/>
    <edge xml:id="e267" from="wn-n267" to="penn-n14912"/>
    <edge xml:id="e52" from="wn-n52" to="penn-n21194"/>
    <edge xml:id="e268" from="wn-n268" to="penn-n4703"/>
    <edge xml:id="e53" from="wn-n53" to="penn-n21003"/>
    <edge xml:id="e265" from="wn-n265" to="penn-n15594"/>
    <edge xml:id="e50" from="wn-n50" to="penn-n2037"/>
    <edge xml:id="e266" from="wn-n266" to="penn-n13653"/>
    <edge xml:id="e51" from="wn-n51" to="penn-n885"/>
    <edge xml:id="e260" from="wn-n260" to="penn-n3440"/>
    <edge xml:id="e58" from="wn-n58" to="penn-n4276"/>
    <edge xml:id="e59" from="wn-n59" to="penn-n2999"/>
    <edge xml:id="e60" from="wn-n60" to="penn-n2943"/>
    <edge xml:id="e269" from="wn-n269" to="penn-n3168"/>
    <edge xml:id="e250" from="wn-n250" to="penn-n19429"/>
    <edge xml:id="e65" from="wn-n65" to="penn-n9252"/>
    <edge xml:id="e251" from="wn-n251" to="penn-n13958"/>
    <edge xml:id="e66" from="wn-n66" to="penn-n13866"/>
    <edge xml:id="e252" from="wn-n252" to="penn-n6008"/>
    <edge xml:id="e67" from="wn-n67" to="penn-n9252"/>
    <edge xml:id="e253" from="wn-n253" to="penn-n3537"/>
    <edge xml:id="e68" from="wn-n68" to="penn-n21070"/>
    <edge xml:id="e254" from="wn-n254" to="penn-n19119"/>
    <edge xml:id="e61" from="wn-n61" to="penn-n9252"/>
    <edge xml:id="e255" from="wn-n255" to="penn-n13958"/>
    <edge xml:id="e62" from="wn-n62" to="penn-n9252"/>
    <edge xml:id="e256" from="wn-n256" to="penn-n13517"/>
    <edge xml:id="e63" from="wn-n63" to="penn-n13866"/>
    <edge xml:id="e257" from="wn-n257" to="penn-n8241"/>
    <edge xml:id="e64" from="wn-n64" to="penn-n9252"/>
    <edge xml:id="e69" from="wn-n69" to="penn-n15145"/>
    <edge xml:id="e259" from="wn-n259" to="penn-n6008"/>
    <edge xml:id="e258" from="wn-n258" to="penn-n7966"/>
    <edge xml:id="e71" from="wn-n71" to="penn-n21319"/>
    <edge xml:id="e70" from="wn-n70" to="penn-n21551"/>
    <edge xml:id="e92" from="wn-n92" to="penn-n1464"/>
    <edge xml:id="e93" from="wn-n93" to="penn-n16386"/>
    <edge xml:id="e90" from="wn-n90" to="penn-n16386"/>
    <edge xml:id="e159" from="wn-n159" to="penn-n3982"/>
    <edge xml:id="e91" from="wn-n91" to="penn-n16240"/>
    <edge xml:id="e299" from="wn-n299" to="penn-n3537"/>
    <edge xml:id="e298" from="wn-n298" to="penn-n6008"/>
    <edge xml:id="e297" from="wn-n297" to="penn-n13958"/>
    <edge xml:id="e150" from="wn-n150" to="penn-n6585"/>
    <edge xml:id="e296" from="wn-n296" to="penn-n19429"/>
    <edge xml:id="e295" from="wn-n295" to="penn-n9917"/>
    <edge xml:id="e294" from="wn-n294" to="penn-n1423"/>
    <edge xml:id="e293" from="wn-n293" to="penn-n1438"/>
    <edge xml:id="e154" from="wn-n154" to="penn-n5855"/>
    <edge xml:id="e292" from="wn-n292" to="penn-n3168"/>
    <edge xml:id="e89" from="wn-n89" to="penn-n1123"/>
    <edge xml:id="e153" from="wn-n153" to="penn-n5970"/>
    <edge xml:id="e291" from="wn-n291" to="penn-n4703"/>
    <edge xml:id="e88" from="wn-n88" to="penn-n1421"/>
    <edge xml:id="e152" from="wn-n152" to="penn-n6150"/>
    <edge xml:id="e290" from="wn-n290" to="penn-n14912"/>
    <edge xml:id="e87" from="wn-n87" to="penn-n10685"/>
    <edge xml:id="e151" from="wn-n151" to="penn-n6405"/>
    <edge xml:id="e86" from="wn-n86" to="penn-n10694"/>
    <edge xml:id="e158" from="wn-n158" to="penn-n3992"/>
    <edge xml:id="e85" from="wn-n85" to="penn-n10948"/>
    <edge xml:id="e157" from="wn-n157" to="penn-n5406"/>
    <edge xml:id="e84" from="wn-n84" to="penn-n12259"/>
    <edge xml:id="e156" from="wn-n156" to="penn-n5534"/>
    <edge xml:id="e83" from="wn-n83" to="penn-n24"/>
    <edge xml:id="e155" from="wn-n155" to="penn-n5599"/>
    <edge xml:id="e80" from="wn-n80" to="penn-n2352"/>
    <edge xml:id="e81" from="wn-n81" to="penn-n598"/>
    <edge xml:id="e82" from="wn-n82" to="penn-n83"/>
    <edge xml:id="e161" from="wn-n161" to="penn-n3510"/>
    <edge xml:id="e160" from="wn-n160" to="penn-n3552"/>
    <edge xml:id="e77" from="wn-n77" to="penn-n8570"/>
    <edge xml:id="e163" from="wn-n163" to="penn-n636"/>
    <edge xml:id="e76" from="wn-n76" to="penn-n10980"/>
    <edge xml:id="e162" from="wn-n162" to="penn-n642"/>
    <edge xml:id="e79" from="wn-n79" to="penn-n3051"/>
    <edge xml:id="e165" from="wn-n165" to="penn-n20813"/>
    <edge xml:id="e78" from="wn-n78" to="penn-n6024"/>
    <edge xml:id="e164" from="wn-n164" to="penn-n14281"/>
    <edge xml:id="e73" from="wn-n73" to="penn-n20425"/>
    <edge xml:id="e167" from="wn-n167" to="penn-n20350"/>
    <edge xml:id="e72" from="wn-n72" to="penn-n21092"/>
    <edge xml:id="e166" from="wn-n166" to="penn-n20516"/>
    <edge xml:id="e75" from="wn-n75" to="penn-n11263"/>
    <edge xml:id="e169" from="wn-n169" to="penn-n18753"/>
    <edge xml:id="e74" from="wn-n74" to="penn-n15762"/>
    <edge xml:id="e168" from="wn-n168" to="penn-n19517"/>
    <edge xml:id="e275" from="wn-n275" to="penn-n6008"/>
    <edge xml:id="e172" from="wn-n172" to="penn-n20516"/>
    <edge xml:id="e274" from="wn-n274" to="penn-n13958"/>
    <edge xml:id="e171" from="wn-n171" to="penn-n20813"/>
    <edge xml:id="e273" from="wn-n273" to="penn-n19429"/>
    <edge xml:id="e170" from="wn-n170" to="penn-n15784"/>
    <edge xml:id="e272" from="wn-n272" to="penn-n9917"/>
    <edge xml:id="e279" from="wn-n279" to="penn-n8309"/>
    <edge xml:id="e278" from="wn-n278" to="penn-n13689"/>
    <edge xml:id="e277" from="wn-n277" to="penn-n14257"/>
    <edge xml:id="e276" from="wn-n276" to="penn-n3537"/>
    <edge xml:id="e179" from="wn-n179" to="penn-n20350"/>
    <edge xml:id="e178" from="wn-n178" to="penn-n20516"/>
    <edge xml:id="e177" from="wn-n177" to="penn-n20813"/>
    <edge xml:id="e271" from="wn-n271" to="penn-n1423"/>
    <edge xml:id="e176" from="wn-n176" to="penn-n15784"/>
    <edge xml:id="e270" from="wn-n270" to="penn-n1438"/>
    <edge xml:id="e175" from="wn-n175" to="penn-n18753"/>
    <edge xml:id="e174" from="wn-n174" to="penn-n19517"/>
    <edge xml:id="e173" from="wn-n173" to="penn-n20350"/>
    <edge xml:id="e284" from="wn-n284" to="penn-n13156"/>
    <edge xml:id="e181" from="wn-n181" to="penn-n18753"/>
    <edge xml:id="e283" from="wn-n283" to="penn-n1382"/>
    <edge xml:id="e180" from="wn-n180" to="penn-n19517"/>
    <edge xml:id="e286" from="wn-n286" to="penn-n5961"/>
    <edge xml:id="e183" from="wn-n183" to="penn-n20813"/>
    <edge xml:id="e285" from="wn-n285" to="penn-n7973"/>
    <edge xml:id="e182" from="wn-n182" to="penn-n15784"/>
    <edge xml:id="e288" from="wn-n288" to="penn-n15594"/>
    <edge xml:id="e287" from="wn-n287" to="penn-n3220"/>
    <edge xml:id="e289" from="wn-n289" to="penn-n13653"/>
    <edge xml:id="e95" from="wn-n95" to="penn-n1464"/>
    <edge xml:id="e189" from="wn-n189" to="penn-n15891"/>
    <edge xml:id="e94" from="wn-n94" to="penn-n16240"/>
    <edge xml:id="e188" from="wn-n188" to="penn-n15784"/>
    <edge xml:id="e97" from="wn-n97" to="penn-n16240"/>
    <edge xml:id="e96" from="wn-n96" to="penn-n16386"/>
    <edge xml:id="e280" from="wn-n280" to="penn-n7971"/>
    <edge xml:id="e99" from="wn-n99" to="penn-n16386"/>
    <edge xml:id="e185" from="wn-n185" to="penn-n20350"/>
    <edge xml:id="e98" from="wn-n98" to="penn-n1464"/>
    <edge xml:id="e184" from="wn-n184" to="penn-n20516"/>
    <edge xml:id="e282" from="wn-n282" to="penn-n3537"/>
    <edge xml:id="e187" from="wn-n187" to="penn-n18753"/>
    <edge xml:id="e281" from="wn-n281" to="penn-n6606"/>
    <edge xml:id="e186" from="wn-n186" to="penn-n19517"/>
    <edge xml:id="e303" from="wn-n303" to="penn-n8217"/>
    <edge xml:id="e302" from="wn-n302" to="penn-n13401"/>
    <edge xml:id="e305" from="wn-n305" to="penn-n4476"/>
    <edge xml:id="e304" from="wn-n304" to="penn-n7953"/>
    <edge xml:id="e307" from="wn-n307" to="penn-n13156"/>
    <edge xml:id="e306" from="wn-n306" to="penn-n3241"/>
    <edge xml:id="e309" from="wn-n309" to="penn-n5961"/>
    <edge xml:id="e308" from="wn-n308" to="penn-n7973"/>
    <edge xml:id="e197" from="wn-n197" to="penn-n7937"/>
    <edge xml:id="e198" from="wn-n198" to="penn-n9731"/>
    <edge xml:id="e195" from="wn-n195" to="penn-n4278"/>
    <edge xml:id="e196" from="wn-n196" to="penn-n5457"/>
    <edge xml:id="e199" from="wn-n199" to="penn-n9706"/>
    <edge xml:id="e190" from="wn-n190" to="penn-n15891"/>
    <edge xml:id="e193" from="wn-n193" to="penn-n15891"/>
    <edge xml:id="e194" from="wn-n194" to="penn-n13626"/>
    <edge xml:id="e300" from="wn-n300" to="penn-n17436"/>
    <edge xml:id="e191" from="wn-n191" to="penn-n15891"/>
    <edge xml:id="e301" from="wn-n301" to="penn-n13936"/>
    <edge xml:id="e192" from="wn-n192" to="penn-n15891"/>
</graph>
