<?xml version="1.0" encoding="UTF-8"?>
<graph xmlns="http://www.xces.org/ns/GrAF/1.0/">
    <graphHeader>
        <labelsDecl>
            <labelUsage label="s" occurs="57"/>
            <labelUsage label="wordnet" occurs="219"/>
        </labelsDecl>
        <annotationSpaces>
            <annotationSpace name="wn" type="http://wordnet.princeton.edu/"/>
        </annotationSpaces>
    </graphHeader>
    <region xml:id="s-r0" anchors="0 173"/>
    <region xml:id="w-r0" anchors="15 25"/>
    <region xml:id="s-r1" anchors="158 458"/>
    <region xml:id="w-r1" anchors="280 290"/>
    <region xml:id="s-r2" anchors="459 636"/>
    <region xml:id="w-r2" anchors="531 541"/>
    <region xml:id="s-r3" anchors="637 886"/>
    <region xml:id="w-r3" anchors="670 681"/>
    <region xml:id="s-r4" anchors="887 958"/>
    <region xml:id="w-r4" anchors="909 917"/>
    <region xml:id="s-r5" anchors="959 1206"/>
    <region xml:id="w-r5" anchors="994 1004"/>
    <region xml:id="s-r6" anchors="1207 1443"/>
    <region xml:id="w-r6" anchors="1406 1414"/>
    <region xml:id="s-r7" anchors="1444 1540"/>
    <region xml:id="w-r7" anchors="1521 1531"/>
    <region xml:id="s-r8" anchors="1541 1818"/>
    <region xml:id="w-r8" anchors="1753 1764"/>
    <region xml:id="s-r9" anchors="1819 1965"/>
    <region xml:id="w-r9" anchors="1881 1892"/>
    <region xml:id="s-r10" anchors="1966 2062"/>
    <region xml:id="w-r10" anchors="1995 2003"/>
    <region xml:id="s-r11" anchors="2063 2111"/>
    <region xml:id="w-r11" anchors="2066 2076"/>
    <region xml:id="s-r12" anchors="2112 2326"/>
    <region xml:id="w-r12" anchors="2239 2249"/>
    <region xml:id="s-r13" anchors="2327 2408"/>
    <region xml:id="w-r13" anchors="2386 2394"/>
    <region xml:id="s-r14" anchors="2409 2599"/>
    <region xml:id="w-r14" anchors="2463 2471"/>
    <region xml:id="s-r15" anchors="2600 2755"/>
    <region xml:id="w-r15" anchors="2633 2641"/>
    <region xml:id="s-r16" anchors="2756 2911"/>
    <region xml:id="w-r16" anchors="2787 2797"/>
    <region xml:id="s-r17" anchors="2912 3002"/>
    <region xml:id="w-r17" anchors="2979 2989"/>
    <region xml:id="s-r18" anchors="3003 3184"/>
    <region xml:id="w-r18" anchors="3157 3167"/>
    <region xml:id="s-r19" anchors="3185 3531"/>
    <region xml:id="w-r19" anchors="3321 3329"/>
    <region xml:id="s-r20" anchors="3528 3680"/>
    <region xml:id="w-r20" anchors="3667 3675"/>
    <region xml:id="s-r21" anchors="3681 3865"/>
    <region xml:id="w-r21" anchors="3834 3844"/>
    <region xml:id="s-r22" anchors="3866 4198"/>
    <region xml:id="w-r22" anchors="4006 4016"/>
    <region xml:id="s-r23" anchors="4199 4284"/>
    <region xml:id="w-r23" anchors="4282 4290"/>
    <region xml:id="s-r24" anchors="4285 4353"/>
    <region xml:id="w-r24" anchors="4325 4333"/>
    <region xml:id="s-r25" anchors="4354 4507"/>
    <region xml:id="w-r25" anchors="4367 4375"/>
    <region xml:id="s-r26" anchors="4508 4686"/>
    <region xml:id="w-r26" anchors="4624 4634"/>
    <region xml:id="s-r27" anchors="4687 4858"/>
    <region xml:id="w-r27" anchors="4823 4833"/>
    <region xml:id="s-r28" anchors="4843 4982"/>
    <region xml:id="s-r29" anchors="4967 5104"/>
    <region xml:id="w-r28" anchors="4971 4981"/>
    <region xml:id="w-r29" anchors="5056 5064"/>
    <region xml:id="s-r30" anchors="5105 5280"/>
    <region xml:id="w-r30" anchors="5228 5238"/>
    <region xml:id="s-r31" anchors="5281 5509"/>
    <region xml:id="w-r31" anchors="5403 5414"/>
    <region xml:id="s-r32" anchors="5510 5738"/>
    <region xml:id="w-r32" anchors="5686 5697"/>
    <region xml:id="s-r33" anchors="5739 5966"/>
    <region xml:id="w-r33" anchors="5820 5830"/>
    <region xml:id="s-r34" anchors="5967 6155"/>
    <region xml:id="w-r34" anchors="6008 6019"/>
    <region xml:id="s-r35" anchors="6156 6228"/>
    <region xml:id="w-r35" anchors="6202 6212"/>
    <region xml:id="s-r36" anchors="6229 6402"/>
    <region xml:id="w-r36" anchors="6244 6254"/>
    <region xml:id="s-r37" anchors="6387 6595"/>
    <region xml:id="w-r37" anchors="6490 6500"/>
    <region xml:id="s-r38" anchors="6571 6597"/>
    <region xml:id="w-r38" anchors="6578 6588"/>
    <region xml:id="s-r39" anchors="6598 6770"/>
    <region xml:id="w-r39" anchors="6727 6737"/>
    <region xml:id="s-r40" anchors="6755 6917"/>
    <region xml:id="w-r40" anchors="6847 6857"/>
    <region xml:id="s-r41" anchors="6902 6999"/>
    <region xml:id="w-r41" anchors="6988 6998"/>
    <region xml:id="s-r42" anchors="7000 7171"/>
    <region xml:id="w-r42" anchors="7040 7048"/>
    <region xml:id="s-r43" anchors="7172 7304"/>
    <region xml:id="w-r43" anchors="7246 7257"/>
    <region xml:id="s-r44" anchors="7305 7364"/>
    <region xml:id="w-r44" anchors="7314 7324"/>
    <region xml:id="s-r45" anchors="7365 7630"/>
    <region xml:id="w-r45" anchors="7586 7596"/>
    <region xml:id="s-r46" anchors="7631 7874"/>
    <region xml:id="w-r46" anchors="7823 7833"/>
    <region xml:id="s-r47" anchors="7875 8078"/>
    <region xml:id="w-r47" anchors="8045 8055"/>
    <region xml:id="s-r48" anchors="8079 8186"/>
    <region xml:id="w-r48" anchors="8126 8136"/>
    <region xml:id="s-r49" anchors="8187 8389"/>
    <region xml:id="w-r49" anchors="8292 8302"/>
    <region xml:id="s-r50" anchors="8390 8554"/>
    <region xml:id="w-r50" anchors="8474 8484"/>
    <region xml:id="s-r51" anchors="8555 8666"/>
    <region xml:id="w-r51" anchors="8597 8607"/>
    <region xml:id="s-r52" anchors="8667 8850"/>
    <region xml:id="w-r52" anchors="8818 8828"/>
    <region xml:id="s-r53" anchors="8851 8997"/>
    <region xml:id="w-r53" anchors="8902 8910"/>
    <region xml:id="s-r54" anchors="8998 9206"/>
    <region xml:id="w-r54" anchors="9101 9111"/>
    <region xml:id="s-r55" anchors="9182 9354"/>
    <region xml:id="w-r55" anchors="9311 9321"/>
    <region xml:id="s-r56" anchors="9339 9501"/>
    <region xml:id="w-r56" anchors="9431 9441"/>
    <node xml:id="s-n0">
        <link targets="s-r0"/>
    </node>
    <a xml:id="a0" label="s" ref="s-n0" as="wn"/>
    <node xml:id="s-n1">
        <link targets="s-r1"/>
    </node>
    <a xml:id="a5" label="s" ref="s-n1" as="wn"/>
    <node xml:id="s-n10">
        <link targets="s-r10"/>
    </node>
    <a xml:id="a50" label="s" ref="s-n10" as="wn"/>
    <node xml:id="s-n11">
        <link targets="s-r11"/>
    </node>
    <a xml:id="a55" label="s" ref="s-n11" as="wn"/>
    <node xml:id="s-n12">
        <link targets="s-r12"/>
    </node>
    <a xml:id="a60" label="s" ref="s-n12" as="wn"/>
    <node xml:id="s-n13">
        <link targets="s-r13"/>
    </node>
    <a xml:id="a65" label="s" ref="s-n13" as="wn"/>
    <node xml:id="s-n14">
        <link targets="s-r14"/>
    </node>
    <a xml:id="a70" label="s" ref="s-n14" as="wn"/>
    <node xml:id="s-n15">
        <link targets="s-r15"/>
    </node>
    <a xml:id="a75" label="s" ref="s-n15" as="wn"/>
    <node xml:id="s-n16">
        <link targets="s-r16"/>
    </node>
    <a xml:id="a80" label="s" ref="s-n16" as="wn"/>
    <node xml:id="s-n17">
        <link targets="s-r17"/>
    </node>
    <a xml:id="a85" label="s" ref="s-n17" as="wn"/>
    <node xml:id="s-n18">
        <link targets="s-r18"/>
    </node>
    <a xml:id="a90" label="s" ref="s-n18" as="wn"/>
    <node xml:id="s-n19">
        <link targets="s-r19"/>
    </node>
    <a xml:id="a95" label="s" ref="s-n19" as="wn"/>
    <node xml:id="s-n2">
        <link targets="s-r2"/>
    </node>
    <a xml:id="a10" label="s" ref="s-n2" as="wn"/>
    <node xml:id="s-n20">
        <link targets="s-r20"/>
    </node>
    <a xml:id="a100" label="s" ref="s-n20" as="wn"/>
    <node xml:id="s-n21">
        <link targets="s-r21"/>
    </node>
    <a xml:id="a105" label="s" ref="s-n21" as="wn"/>
    <node xml:id="s-n22">
        <link targets="s-r22"/>
    </node>
    <a xml:id="a110" label="s" ref="s-n22" as="wn"/>
    <node xml:id="s-n23">
        <link targets="s-r23"/>
    </node>
    <a xml:id="a115" label="s" ref="s-n23" as="wn"/>
    <node xml:id="s-n24">
        <link targets="s-r24"/>
    </node>
    <a xml:id="a120" label="s" ref="s-n24" as="wn"/>
    <node xml:id="s-n25">
        <link targets="s-r25"/>
    </node>
    <a xml:id="a125" label="s" ref="s-n25" as="wn"/>
    <node xml:id="s-n26">
        <link targets="s-r26"/>
    </node>
    <a xml:id="a130" label="s" ref="s-n26" as="wn"/>
    <node xml:id="s-n27">
        <link targets="s-r27"/>
    </node>
    <a xml:id="a135" label="s" ref="s-n27" as="wn"/>
    <node xml:id="s-n28">
        <link targets="s-r28"/>
    </node>
    <a xml:id="a140" label="s" ref="s-n28" as="wn"/>
    <node xml:id="s-n29">
        <link targets="s-r29"/>
    </node>
    <a xml:id="a145" label="s" ref="s-n29" as="wn"/>
    <node xml:id="s-n3">
        <link targets="s-r3"/>
    </node>
    <a xml:id="a15" label="s" ref="s-n3" as="wn"/>
    <node xml:id="s-n30">
        <link targets="s-r30"/>
    </node>
    <a xml:id="a150" label="s" ref="s-n30" as="wn"/>
    <node xml:id="s-n31">
        <link targets="s-r31"/>
    </node>
    <a xml:id="a155" label="s" ref="s-n31" as="wn"/>
    <node xml:id="s-n32">
        <link targets="s-r32"/>
    </node>
    <a xml:id="a160" label="s" ref="s-n32" as="wn"/>
    <node xml:id="s-n33">
        <link targets="s-r33"/>
    </node>
    <a xml:id="a165" label="s" ref="s-n33" as="wn"/>
    <node xml:id="s-n34">
        <link targets="s-r34"/>
    </node>
    <a xml:id="a170" label="s" ref="s-n34" as="wn"/>
    <node xml:id="s-n35">
        <link targets="s-r35"/>
    </node>
    <a xml:id="a175" label="s" ref="s-n35" as="wn"/>
    <node xml:id="s-n36">
        <link targets="s-r36"/>
    </node>
    <a xml:id="a180" label="s" ref="s-n36" as="wn"/>
    <node xml:id="s-n37">
        <link targets="s-r37"/>
    </node>
    <a xml:id="a185" label="s" ref="s-n37" as="wn"/>
    <node xml:id="s-n38">
        <link targets="s-r38"/>
    </node>
    <a xml:id="a190" label="s" ref="s-n38" as="wn"/>
    <node xml:id="s-n39">
        <link targets="s-r39"/>
    </node>
    <a xml:id="a195" label="s" ref="s-n39" as="wn"/>
    <node xml:id="s-n4">
        <link targets="s-r4"/>
    </node>
    <a xml:id="a20" label="s" ref="s-n4" as="wn"/>
    <node xml:id="s-n40">
        <link targets="s-r40"/>
    </node>
    <a xml:id="a200" label="s" ref="s-n40" as="wn"/>
    <node xml:id="s-n41">
        <link targets="s-r41"/>
    </node>
    <a xml:id="a205" label="s" ref="s-n41" as="wn"/>
    <node xml:id="s-n42">
        <link targets="s-r42"/>
    </node>
    <a xml:id="a210" label="s" ref="s-n42" as="wn"/>
    <node xml:id="s-n43">
        <link targets="s-r43"/>
    </node>
    <a xml:id="a215" label="s" ref="s-n43" as="wn"/>
    <node xml:id="s-n44">
        <link targets="s-r44"/>
    </node>
    <a xml:id="a220" label="s" ref="s-n44" as="wn"/>
    <node xml:id="s-n45">
        <link targets="s-r45"/>
    </node>
    <a xml:id="a225" label="s" ref="s-n45" as="wn"/>
    <node xml:id="s-n46">
        <link targets="s-r46"/>
    </node>
    <a xml:id="a230" label="s" ref="s-n46" as="wn"/>
    <node xml:id="s-n47">
        <link targets="s-r47"/>
    </node>
    <a xml:id="a235" label="s" ref="s-n47" as="wn"/>
    <node xml:id="s-n48">
        <link targets="s-r48"/>
    </node>
    <a xml:id="a240" label="s" ref="s-n48" as="wn"/>
    <node xml:id="s-n49">
        <link targets="s-r49"/>
    </node>
    <a xml:id="a245" label="s" ref="s-n49" as="wn"/>
    <node xml:id="s-n5">
        <link targets="s-r5"/>
    </node>
    <a xml:id="a25" label="s" ref="s-n5" as="wn"/>
    <node xml:id="s-n50">
        <link targets="s-r50"/>
    </node>
    <a xml:id="a250" label="s" ref="s-n50" as="wn"/>
    <node xml:id="s-n51">
        <link targets="s-r51"/>
    </node>
    <a xml:id="a255" label="s" ref="s-n51" as="wn"/>
    <node xml:id="s-n52">
        <link targets="s-r52"/>
    </node>
    <a xml:id="a260" label="s" ref="s-n52" as="wn"/>
    <node xml:id="s-n53">
        <link targets="s-r53"/>
    </node>
    <a xml:id="a265" label="s" ref="s-n53" as="wn"/>
    <node xml:id="s-n54">
        <link targets="s-r54"/>
    </node>
    <a xml:id="a270" label="s" ref="s-n54" as="wn"/>
    <node xml:id="s-n55">
        <link targets="s-r55"/>
    </node>
    <a xml:id="a272" label="s" ref="s-n55" as="wn"/>
    <node xml:id="s-n56">
        <link targets="s-r56"/>
    </node>
    <a xml:id="a274" label="s" ref="s-n56" as="wn"/>
    <node xml:id="s-n6">
        <link targets="s-r6"/>
    </node>
    <a xml:id="a30" label="s" ref="s-n6" as="wn"/>
    <node xml:id="s-n7">
        <link targets="s-r7"/>
    </node>
    <a xml:id="a35" label="s" ref="s-n7" as="wn"/>
    <node xml:id="s-n8">
        <link targets="s-r8"/>
    </node>
    <a xml:id="a40" label="s" ref="s-n8" as="wn"/>
    <node xml:id="s-n9">
        <link targets="s-r9"/>
    </node>
    <a xml:id="a45" label="s" ref="s-n9" as="wn"/>
    <node xml:id="w-n0">
        <link targets="w-r0"/>
    </node>
    <a xml:id="a1" label="wordnet" ref="w-n0">
        <fs>
            <f name="annotator" value="adelpriore"/>
            <f name="round" value="round-1"/>
            <f name="part" value="cv"/>
            <f name="sense" value="demolish%2:36:00::"/>
        </fs>
    </a>
    <a xml:id="a2" label="wordnet" ref="w-n0">
        <fs>
            <f name="annotator" value="anfahmy"/>
            <f name="round" value="round-1"/>
            <f name="part" value="cv"/>
            <f name="sense" value="demolish%2:36:00::"/>
        </fs>
    </a>
    <a xml:id="a3" label="wordnet" ref="w-n0">
        <fs>
            <f name="annotator" value="sophiavv"/>
            <f name="round" value="round-1"/>
            <f name="part" value="cv"/>
            <f name="sense" value="demolish%2:36:00::"/>
        </fs>
    </a>
    <a xml:id="a4" label="wordnet" ref="w-n0">
        <fs>
            <f name="annotator" value="vebatchelder"/>
            <f name="round" value="round-1"/>
            <f name="part" value="cv"/>
            <f name="sense" value="demolish%2:36:00::"/>
        </fs>
    </a>
    <node xml:id="w-n1">
        <link targets="w-r1"/>
    </node>
    <a xml:id="a6" label="wordnet" ref="w-n1">
        <fs>
            <f name="annotator" value="adelpriore"/>
            <f name="round" value="round-1"/>
            <f name="part" value="cv"/>
            <f name="sense" value="demolish%2:33:00::"/>
        </fs>
    </a>
    <a xml:id="a7" label="wordnet" ref="w-n1">
        <fs>
            <f name="annotator" value="anfahmy"/>
            <f name="round" value="round-1"/>
            <f name="part" value="cv"/>
            <f name="sense" value="demolish%2:33:00::"/>
        </fs>
    </a>
    <a xml:id="a8" label="wordnet" ref="w-n1">
        <fs>
            <f name="annotator" value="sophiavv"/>
            <f name="round" value="round-1"/>
            <f name="part" value="cv"/>
            <f name="sense" value="demolish%2:33:00::"/>
        </fs>
    </a>
    <a xml:id="a9" label="wordnet" ref="w-n1">
        <fs>
            <f name="annotator" value="vebatchelder"/>
            <f name="round" value="round-1"/>
            <f name="part" value="cv"/>
            <f name="sense" value="demolish%2:33:00::"/>
        </fs>
    </a>
    <node xml:id="w-n10">
        <link targets="w-r10"/>
    </node>
    <a xml:id="a51" label="wordnet" ref="w-n10">
        <fs>
            <f name="annotator" value="adelpriore"/>
            <f name="round" value="round-1"/>
            <f name="part" value="cv"/>
            <f name="sense" value="demolish%2:36:01::"/>
        </fs>
    </a>
    <a xml:id="a52" label="wordnet" ref="w-n10">
        <fs>
            <f name="annotator" value="anfahmy"/>
            <f name="round" value="round-1"/>
            <f name="part" value="cv"/>
            <f name="sense" value="demolish%2:36:01::"/>
        </fs>
    </a>
    <a xml:id="a53" label="wordnet" ref="w-n10">
        <fs>
            <f name="annotator" value="sophiavv"/>
            <f name="round" value="round-1"/>
            <f name="part" value="cv"/>
            <f name="sense" value="demolish%2:36:01::"/>
        </fs>
    </a>
    <a xml:id="a54" label="wordnet" ref="w-n10">
        <fs>
            <f name="annotator" value="vebatchelder"/>
            <f name="round" value="round-1"/>
            <f name="part" value="cv"/>
            <f name="sense" value="demolish%2:36:01::"/>
        </fs>
    </a>
    <node xml:id="w-n11">
        <link targets="w-r11"/>
    </node>
    <a xml:id="a56" label="wordnet" ref="w-n11">
        <fs>
            <f name="annotator" value="adelpriore"/>
            <f name="round" value="round-1"/>
            <f name="part" value="cv"/>
            <f name="sense" value="demolish%2:36:01::"/>
        </fs>
    </a>
    <a xml:id="a57" label="wordnet" ref="w-n11">
        <fs>
            <f name="annotator" value="anfahmy"/>
            <f name="round" value="round-1"/>
            <f name="part" value="cv"/>
            <f name="sense" value="demolish%2:36:01::"/>
        </fs>
    </a>
    <a xml:id="a58" label="wordnet" ref="w-n11">
        <fs>
            <f name="annotator" value="sophiavv"/>
            <f name="round" value="round-1"/>
            <f name="part" value="cv"/>
            <f name="sense" value="demolish%2:33:00::"/>
        </fs>
    </a>
    <a xml:id="a59" label="wordnet" ref="w-n11">
        <fs>
            <f name="annotator" value="vebatchelder"/>
            <f name="round" value="round-1"/>
            <f name="part" value="cv"/>
            <f name="sense" value="demolish%2:36:01::"/>
        </fs>
    </a>
    <node xml:id="w-n12">
        <link targets="w-r12"/>
    </node>
    <a xml:id="a61" label="wordnet" ref="w-n12">
        <fs>
            <f name="annotator" value="adelpriore"/>
            <f name="round" value="round-1"/>
            <f name="part" value="cv"/>
            <f name="sense" value="demolish%2:36:00::"/>
        </fs>
    </a>
    <a xml:id="a62" label="wordnet" ref="w-n12">
        <fs>
            <f name="annotator" value="anfahmy"/>
            <f name="round" value="round-1"/>
            <f name="part" value="cv"/>
            <f name="sense" value="demolish%2:36:00::"/>
        </fs>
    </a>
    <a xml:id="a63" label="wordnet" ref="w-n12">
        <fs>
            <f name="annotator" value="sophiavv"/>
            <f name="round" value="round-1"/>
            <f name="part" value="cv"/>
            <f name="sense" value="demolish%2:36:00::"/>
        </fs>
    </a>
    <a xml:id="a64" label="wordnet" ref="w-n12">
        <fs>
            <f name="annotator" value="vebatchelder"/>
            <f name="round" value="round-1"/>
            <f name="part" value="cv"/>
            <f name="sense" value="demolish%2:36:00::"/>
        </fs>
    </a>
    <node xml:id="w-n13">
        <link targets="w-r13"/>
    </node>
    <a xml:id="a66" label="wordnet" ref="w-n13">
        <fs>
            <f name="annotator" value="adelpriore"/>
            <f name="round" value="round-1"/>
            <f name="part" value="cv"/>
            <f name="sense" value="demolish%2:33:00::"/>
        </fs>
    </a>
    <a xml:id="a67" label="wordnet" ref="w-n13">
        <fs>
            <f name="annotator" value="anfahmy"/>
            <f name="round" value="round-1"/>
            <f name="part" value="cv"/>
            <f name="sense" value="demolish%2:36:01::"/>
        </fs>
    </a>
    <a xml:id="a68" label="wordnet" ref="w-n13">
        <fs>
            <f name="annotator" value="sophiavv"/>
            <f name="round" value="round-1"/>
            <f name="part" value="cv"/>
            <f name="sense" value="demolish%2:33:00::"/>
        </fs>
    </a>
    <a xml:id="a69" label="wordnet" ref="w-n13">
        <fs>
            <f name="annotator" value="vebatchelder"/>
            <f name="round" value="round-1"/>
            <f name="part" value="cv"/>
            <f name="sense" value="demolish%2:36:01::"/>
        </fs>
    </a>
    <node xml:id="w-n14">
        <link targets="w-r14"/>
    </node>
    <a xml:id="a71" label="wordnet" ref="w-n14">
        <fs>
            <f name="annotator" value="adelpriore"/>
            <f name="round" value="round-1"/>
            <f name="part" value="cv"/>
            <f name="sense" value="demolish%2:36:00::"/>
        </fs>
    </a>
    <a xml:id="a72" label="wordnet" ref="w-n14">
        <fs>
            <f name="annotator" value="anfahmy"/>
            <f name="round" value="round-1"/>
            <f name="part" value="cv"/>
            <f name="sense" value="demolish%2:36:00::"/>
        </fs>
    </a>
    <a xml:id="a73" label="wordnet" ref="w-n14">
        <fs>
            <f name="annotator" value="sophiavv"/>
            <f name="round" value="round-1"/>
            <f name="part" value="cv"/>
            <f name="sense" value="demolish%2:36:00::"/>
        </fs>
    </a>
    <a xml:id="a74" label="wordnet" ref="w-n14">
        <fs>
            <f name="annotator" value="vebatchelder"/>
            <f name="round" value="round-1"/>
            <f name="part" value="cv"/>
            <f name="sense" value="demolish%2:36:00::"/>
        </fs>
    </a>
    <node xml:id="w-n15">
        <link targets="w-r15"/>
    </node>
    <a xml:id="a76" label="wordnet" ref="w-n15">
        <fs>
            <f name="annotator" value="adelpriore"/>
            <f name="round" value="round-1"/>
            <f name="part" value="cv"/>
            <f name="sense" value="demolish%2:33:00::"/>
        </fs>
    </a>
    <a xml:id="a77" label="wordnet" ref="w-n15">
        <fs>
            <f name="annotator" value="anfahmy"/>
            <f name="round" value="round-1"/>
            <f name="part" value="cv"/>
            <f name="sense" value="demolish%2:33:00::"/>
        </fs>
    </a>
    <a xml:id="a78" label="wordnet" ref="w-n15">
        <fs>
            <f name="annotator" value="sophiavv"/>
            <f name="round" value="round-1"/>
            <f name="part" value="cv"/>
            <f name="sense" value="demolish%2:33:00::"/>
        </fs>
    </a>
    <a xml:id="a79" label="wordnet" ref="w-n15">
        <fs>
            <f name="annotator" value="vebatchelder"/>
            <f name="round" value="round-1"/>
            <f name="part" value="cv"/>
            <f name="sense" value="demolish%2:36:01::"/>
        </fs>
    </a>
    <node xml:id="w-n16">
        <link targets="w-r16"/>
    </node>
    <a xml:id="a81" label="wordnet" ref="w-n16">
        <fs>
            <f name="annotator" value="adelpriore"/>
            <f name="round" value="round-1"/>
            <f name="part" value="cv"/>
            <f name="sense" value="demolish%2:36:01::"/>
        </fs>
    </a>
    <a xml:id="a82" label="wordnet" ref="w-n16">
        <fs>
            <f name="annotator" value="anfahmy"/>
            <f name="round" value="round-1"/>
            <f name="part" value="cv"/>
            <f name="sense" value="demolish%2:36:01::"/>
        </fs>
    </a>
    <a xml:id="a83" label="wordnet" ref="w-n16">
        <fs>
            <f name="annotator" value="sophiavv"/>
            <f name="round" value="round-1"/>
            <f name="part" value="cv"/>
            <f name="sense" value="demolish%2:36:01::"/>
        </fs>
    </a>
    <a xml:id="a84" label="wordnet" ref="w-n16">
        <fs>
            <f name="annotator" value="vebatchelder"/>
            <f name="round" value="round-1"/>
            <f name="part" value="cv"/>
            <f name="sense" value="demolish%2:36:01::"/>
        </fs>
    </a>
    <node xml:id="w-n17">
        <link targets="w-r17"/>
    </node>
    <a xml:id="a86" label="wordnet" ref="w-n17">
        <fs>
            <f name="annotator" value="adelpriore"/>
            <f name="round" value="round-1"/>
            <f name="part" value="cv"/>
            <f name="sense" value="demolish%2:36:00::"/>
        </fs>
    </a>
    <a xml:id="a87" label="wordnet" ref="w-n17">
        <fs>
            <f name="annotator" value="anfahmy"/>
            <f name="round" value="round-1"/>
            <f name="part" value="cv"/>
            <f name="sense" value="demolish%2:36:00::"/>
        </fs>
    </a>
    <a xml:id="a88" label="wordnet" ref="w-n17">
        <fs>
            <f name="annotator" value="sophiavv"/>
            <f name="round" value="round-1"/>
            <f name="part" value="cv"/>
            <f name="sense" value="demolish%2:36:00::"/>
        </fs>
    </a>
    <a xml:id="a89" label="wordnet" ref="w-n17">
        <fs>
            <f name="annotator" value="vebatchelder"/>
            <f name="round" value="round-1"/>
            <f name="part" value="cv"/>
            <f name="sense" value="demolish%2:36:00::"/>
        </fs>
    </a>
    <node xml:id="w-n18">
        <link targets="w-r18"/>
    </node>
    <a xml:id="a91" label="wordnet" ref="w-n18">
        <fs>
            <f name="annotator" value="adelpriore"/>
            <f name="round" value="round-1"/>
            <f name="part" value="cv"/>
            <f name="sense" value="demolish%2:36:00::"/>
        </fs>
    </a>
    <a xml:id="a92" label="wordnet" ref="w-n18">
        <fs>
            <f name="annotator" value="anfahmy"/>
            <f name="round" value="round-1"/>
            <f name="part" value="cv"/>
            <f name="sense" value="demolish%2:36:00::"/>
        </fs>
    </a>
    <a xml:id="a93" label="wordnet" ref="w-n18">
        <fs>
            <f name="annotator" value="sophiavv"/>
            <f name="round" value="round-1"/>
            <f name="part" value="cv"/>
            <f name="sense" value="demolish%2:36:00::"/>
        </fs>
    </a>
    <a xml:id="a94" label="wordnet" ref="w-n18">
        <fs>
            <f name="annotator" value="vebatchelder"/>
            <f name="round" value="round-1"/>
            <f name="part" value="cv"/>
            <f name="sense" value="demolish%2:36:00::"/>
        </fs>
    </a>
    <node xml:id="w-n19">
        <link targets="w-r19"/>
    </node>
    <a xml:id="a96" label="wordnet" ref="w-n19">
        <fs>
            <f name="annotator" value="adelpriore"/>
            <f name="round" value="round-1"/>
            <f name="part" value="cv"/>
            <f name="sense" value="demolish%2:36:01::"/>
        </fs>
    </a>
    <a xml:id="a97" label="wordnet" ref="w-n19">
        <fs>
            <f name="annotator" value="anfahmy"/>
            <f name="round" value="round-1"/>
            <f name="part" value="cv"/>
            <f name="sense" value="demolish%2:36:01::"/>
        </fs>
    </a>
    <a xml:id="a98" label="wordnet" ref="w-n19">
        <fs>
            <f name="annotator" value="sophiavv"/>
            <f name="round" value="round-1"/>
            <f name="part" value="cv"/>
            <f name="sense" value="demolish%2:36:01::"/>
        </fs>
    </a>
    <a xml:id="a99" label="wordnet" ref="w-n19">
        <fs>
            <f name="annotator" value="vebatchelder"/>
            <f name="round" value="round-1"/>
            <f name="part" value="cv"/>
            <f name="sense" value="demolish%2:36:01::"/>
        </fs>
    </a>
    <node xml:id="w-n2">
        <link targets="w-r2"/>
    </node>
    <a xml:id="a11" label="wordnet" ref="w-n2">
        <fs>
            <f name="annotator" value="adelpriore"/>
            <f name="round" value="round-1"/>
            <f name="part" value="cv"/>
            <f name="sense" value="demolish%2:36:00::"/>
        </fs>
    </a>
    <a xml:id="a12" label="wordnet" ref="w-n2">
        <fs>
            <f name="annotator" value="anfahmy"/>
            <f name="round" value="round-1"/>
            <f name="part" value="cv"/>
            <f name="sense" value="demolish%2:36:00::"/>
        </fs>
    </a>
    <a xml:id="a13" label="wordnet" ref="w-n2">
        <fs>
            <f name="annotator" value="sophiavv"/>
            <f name="round" value="round-1"/>
            <f name="part" value="cv"/>
            <f name="sense" value="demolish%2:36:00::"/>
        </fs>
    </a>
    <a xml:id="a14" label="wordnet" ref="w-n2">
        <fs>
            <f name="annotator" value="vebatchelder"/>
            <f name="round" value="round-1"/>
            <f name="part" value="cv"/>
            <f name="sense" value="demolish%2:36:00::"/>
        </fs>
    </a>
    <node xml:id="w-n20">
        <link targets="w-r20"/>
    </node>
    <a xml:id="a101" label="wordnet" ref="w-n20">
        <fs>
            <f name="annotator" value="adelpriore"/>
            <f name="round" value="round-1"/>
            <f name="part" value="cv"/>
            <f name="sense" value="demolish%2:33:00::"/>
        </fs>
    </a>
    <a xml:id="a102" label="wordnet" ref="w-n20">
        <fs>
            <f name="annotator" value="anfahmy"/>
            <f name="round" value="round-1"/>
            <f name="part" value="cv"/>
            <f name="sense" value="demolish%2:36:01::"/>
        </fs>
    </a>
    <a xml:id="a103" label="wordnet" ref="w-n20">
        <fs>
            <f name="annotator" value="sophiavv"/>
            <f name="round" value="round-1"/>
            <f name="part" value="cv"/>
            <f name="sense" value="demolish%2:33:00::"/>
        </fs>
    </a>
    <a xml:id="a104" label="wordnet" ref="w-n20">
        <fs>
            <f name="annotator" value="vebatchelder"/>
            <f name="round" value="round-1"/>
            <f name="part" value="cv"/>
            <f name="sense" value="demolish%2:33:00::"/>
        </fs>
    </a>
    <node xml:id="w-n21">
        <link targets="w-r21"/>
    </node>
    <a xml:id="a106" label="wordnet" ref="w-n21">
        <fs>
            <f name="annotator" value="adelpriore"/>
            <f name="round" value="round-1"/>
            <f name="part" value="cv"/>
            <f name="sense" value="demolish%2:36:01::"/>
        </fs>
    </a>
    <a xml:id="a107" label="wordnet" ref="w-n21">
        <fs>
            <f name="annotator" value="anfahmy"/>
            <f name="round" value="round-1"/>
            <f name="part" value="cv"/>
            <f name="sense" value="demolish%2:36:01::"/>
        </fs>
    </a>
    <a xml:id="a108" label="wordnet" ref="w-n21">
        <fs>
            <f name="annotator" value="sophiavv"/>
            <f name="round" value="round-1"/>
            <f name="part" value="cv"/>
            <f name="sense" value="demolish%2:36:01::"/>
        </fs>
    </a>
    <a xml:id="a109" label="wordnet" ref="w-n21">
        <fs>
            <f name="annotator" value="vebatchelder"/>
            <f name="round" value="round-1"/>
            <f name="part" value="cv"/>
            <f name="sense" value="demolish%2:36:01::"/>
        </fs>
    </a>
    <node xml:id="w-n22">
        <link targets="w-r22"/>
    </node>
    <a xml:id="a111" label="wordnet" ref="w-n22">
        <fs>
            <f name="annotator" value="adelpriore"/>
            <f name="round" value="round-1"/>
            <f name="part" value="cv"/>
            <f name="sense" value="demolish%2:36:01::"/>
        </fs>
    </a>
    <a xml:id="a112" label="wordnet" ref="w-n22">
        <fs>
            <f name="annotator" value="anfahmy"/>
            <f name="round" value="round-1"/>
            <f name="part" value="cv"/>
            <f name="sense" value="demolish%2:36:01::"/>
        </fs>
    </a>
    <a xml:id="a113" label="wordnet" ref="w-n22">
        <fs>
            <f name="annotator" value="sophiavv"/>
            <f name="round" value="round-1"/>
            <f name="part" value="cv"/>
            <f name="sense" value="demolish%2:36:01::"/>
        </fs>
    </a>
    <a xml:id="a114" label="wordnet" ref="w-n22">
        <fs>
            <f name="annotator" value="vebatchelder"/>
            <f name="round" value="round-1"/>
            <f name="part" value="cv"/>
            <f name="sense" value="demolish%2:36:01::"/>
        </fs>
    </a>
    <node xml:id="w-n23">
        <link targets="w-r23"/>
    </node>
    <a xml:id="a116" label="wordnet" ref="w-n23">
        <fs>
            <f name="annotator" value="adelpriore"/>
            <f name="round" value="round-1"/>
            <f name="part" value="cv"/>
            <f name="sense" value="demolish%2:36:01::"/>
        </fs>
    </a>
    <a xml:id="a117" label="wordnet" ref="w-n23">
        <fs>
            <f name="annotator" value="anfahmy"/>
            <f name="round" value="round-1"/>
            <f name="part" value="cv"/>
            <f name="sense" value="demolish%2:36:01::"/>
        </fs>
    </a>
    <a xml:id="a118" label="wordnet" ref="w-n23">
        <fs>
            <f name="annotator" value="sophiavv"/>
            <f name="round" value="round-1"/>
            <f name="part" value="cv"/>
            <f name="sense" value="demolish%2:36:01::"/>
        </fs>
    </a>
    <a xml:id="a119" label="wordnet" ref="w-n23">
        <fs>
            <f name="annotator" value="vebatchelder"/>
            <f name="round" value="round-1"/>
            <f name="part" value="cv"/>
            <f name="sense" value="demolish%2:36:01::"/>
        </fs>
    </a>
    <node xml:id="w-n24">
        <link targets="w-r24"/>
    </node>
    <a xml:id="a121" label="wordnet" ref="w-n24">
        <fs>
            <f name="annotator" value="adelpriore"/>
            <f name="round" value="round-1"/>
            <f name="part" value="cv"/>
            <f name="sense" value="demolish%2:33:00::"/>
        </fs>
    </a>
    <a xml:id="a122" label="wordnet" ref="w-n24">
        <fs>
            <f name="annotator" value="anfahmy"/>
            <f name="round" value="round-1"/>
            <f name="part" value="cv"/>
            <f name="sense" value="demolish%2:36:01::"/>
        </fs>
    </a>
    <a xml:id="a123" label="wordnet" ref="w-n24">
        <fs>
            <f name="annotator" value="sophiavv"/>
            <f name="round" value="round-1"/>
            <f name="part" value="cv"/>
            <f name="sense" value="demolish%2:33:00::"/>
        </fs>
    </a>
    <a xml:id="a124" label="wordnet" ref="w-n24">
        <fs>
            <f name="annotator" value="vebatchelder"/>
            <f name="round" value="round-1"/>
            <f name="part" value="cv"/>
            <f name="sense" value="demolish%2:33:00::"/>
        </fs>
    </a>
    <node xml:id="w-n25">
        <link targets="w-r25"/>
    </node>
    <a xml:id="a126" label="wordnet" ref="w-n25">
        <fs>
            <f name="annotator" value="adelpriore"/>
            <f name="round" value="round-1"/>
            <f name="part" value="cv"/>
            <f name="sense" value="demolish%2:36:00::"/>
        </fs>
    </a>
    <a xml:id="a127" label="wordnet" ref="w-n25">
        <fs>
            <f name="annotator" value="anfahmy"/>
            <f name="round" value="round-1"/>
            <f name="part" value="cv"/>
            <f name="sense" value="demolish%2:36:00::"/>
        </fs>
    </a>
    <a xml:id="a128" label="wordnet" ref="w-n25">
        <fs>
            <f name="annotator" value="sophiavv"/>
            <f name="round" value="round-1"/>
            <f name="part" value="cv"/>
            <f name="sense" value="demolish%2:36:00::"/>
        </fs>
    </a>
    <a xml:id="a129" label="wordnet" ref="w-n25">
        <fs>
            <f name="annotator" value="vebatchelder"/>
            <f name="round" value="round-1"/>
            <f name="part" value="cv"/>
            <f name="sense" value="demolish%2:36:00::"/>
        </fs>
    </a>
    <node xml:id="w-n26">
        <link targets="w-r26"/>
    </node>
    <a xml:id="a131" label="wordnet" ref="w-n26">
        <fs>
            <f name="annotator" value="adelpriore"/>
            <f name="round" value="round-1"/>
            <f name="part" value="cv"/>
            <f name="sense" value="demolish%2:36:01::"/>
        </fs>
    </a>
    <a xml:id="a132" label="wordnet" ref="w-n26">
        <fs>
            <f name="annotator" value="anfahmy"/>
            <f name="round" value="round-1"/>
            <f name="part" value="cv"/>
            <f name="sense" value="demolish%2:36:01::"/>
        </fs>
    </a>
    <a xml:id="a133" label="wordnet" ref="w-n26">
        <fs>
            <f name="annotator" value="sophiavv"/>
            <f name="round" value="round-1"/>
            <f name="part" value="cv"/>
            <f name="sense" value="demolish%2:36:01::"/>
        </fs>
    </a>
    <a xml:id="a134" label="wordnet" ref="w-n26">
        <fs>
            <f name="annotator" value="vebatchelder"/>
            <f name="round" value="round-1"/>
            <f name="part" value="cv"/>
            <f name="sense" value="demolish%2:36:01::"/>
        </fs>
    </a>
    <node xml:id="w-n27">
        <link targets="w-r27"/>
    </node>
    <a xml:id="a136" label="wordnet" ref="w-n27">
        <fs>
            <f name="annotator" value="adelpriore"/>
            <f name="round" value="round-1"/>
            <f name="part" value="cv"/>
            <f name="sense" value="null"/>
        </fs>
    </a>
    <a xml:id="a137" label="wordnet" ref="w-n27">
        <fs>
            <f name="annotator" value="anfahmy"/>
            <f name="round" value="round-1"/>
            <f name="part" value="cv"/>
            <f name="sense" value="demolish%2:36:01::"/>
        </fs>
    </a>
    <a xml:id="a138" label="wordnet" ref="w-n27">
        <fs>
            <f name="annotator" value="sophiavv"/>
            <f name="round" value="round-1"/>
            <f name="part" value="cv"/>
            <f name="sense" value="demolish%2:36:00::"/>
        </fs>
    </a>
    <a xml:id="a139" label="wordnet" ref="w-n27">
        <fs>
            <f name="annotator" value="vebatchelder"/>
            <f name="round" value="round-1"/>
            <f name="part" value="cv"/>
            <f name="sense" value="demolish%2:36:01::"/>
        </fs>
    </a>
    <node xml:id="w-n28">
        <link targets="w-r28"/>
    </node>
    <a xml:id="a141" label="wordnet" ref="w-n28">
        <fs>
            <f name="annotator" value="adelpriore"/>
            <f name="round" value="round-1"/>
            <f name="part" value="cv"/>
            <f name="sense" value="demolish%2:36:00::"/>
        </fs>
    </a>
    <a xml:id="a142" label="wordnet" ref="w-n28">
        <fs>
            <f name="annotator" value="anfahmy"/>
            <f name="round" value="round-1"/>
            <f name="part" value="cv"/>
            <f name="sense" value="demolish%2:36:00::"/>
        </fs>
    </a>
    <a xml:id="a143" label="wordnet" ref="w-n28">
        <fs>
            <f name="annotator" value="sophiavv"/>
            <f name="round" value="round-1"/>
            <f name="part" value="cv"/>
            <f name="sense" value="demolish%2:36:00::"/>
        </fs>
    </a>
    <a xml:id="a144" label="wordnet" ref="w-n28">
        <fs>
            <f name="annotator" value="vebatchelder"/>
            <f name="round" value="round-1"/>
            <f name="part" value="cv"/>
            <f name="sense" value="demolish%2:36:00::"/>
        </fs>
    </a>
    <node xml:id="w-n29">
        <link targets="w-r29"/>
    </node>
    <a xml:id="a146" label="wordnet" ref="w-n29">
        <fs>
            <f name="annotator" value="adelpriore"/>
            <f name="round" value="round-1"/>
            <f name="part" value="cv"/>
            <f name="sense" value="demolish%2:36:00::"/>
        </fs>
    </a>
    <a xml:id="a147" label="wordnet" ref="w-n29">
        <fs>
            <f name="annotator" value="anfahmy"/>
            <f name="round" value="round-1"/>
            <f name="part" value="cv"/>
            <f name="sense" value="demolish%2:36:00::"/>
        </fs>
    </a>
    <a xml:id="a148" label="wordnet" ref="w-n29">
        <fs>
            <f name="annotator" value="sophiavv"/>
            <f name="round" value="round-1"/>
            <f name="part" value="cv"/>
            <f name="sense" value="demolish%2:36:00::"/>
        </fs>
    </a>
    <a xml:id="a149" label="wordnet" ref="w-n29">
        <fs>
            <f name="annotator" value="vebatchelder"/>
            <f name="round" value="round-1"/>
            <f name="part" value="cv"/>
            <f name="sense" value="demolish%2:36:00::"/>
        </fs>
    </a>
    <node xml:id="w-n3">
        <link targets="w-r3"/>
    </node>
    <a xml:id="a16" label="wordnet" ref="w-n3">
        <fs>
            <f name="annotator" value="adelpriore"/>
            <f name="round" value="round-1"/>
            <f name="part" value="cv"/>
            <f name="sense" value="demolish%2:36:01::"/>
        </fs>
    </a>
    <a xml:id="a17" label="wordnet" ref="w-n3">
        <fs>
            <f name="annotator" value="anfahmy"/>
            <f name="round" value="round-1"/>
            <f name="part" value="cv"/>
            <f name="sense" value="demolish%2:36:01::"/>
        </fs>
    </a>
    <a xml:id="a18" label="wordnet" ref="w-n3">
        <fs>
            <f name="annotator" value="sophiavv"/>
            <f name="round" value="round-1"/>
            <f name="part" value="cv"/>
            <f name="sense" value="demolish%2:36:01::"/>
        </fs>
    </a>
    <a xml:id="a19" label="wordnet" ref="w-n3">
        <fs>
            <f name="annotator" value="vebatchelder"/>
            <f name="round" value="round-1"/>
            <f name="part" value="cv"/>
            <f name="sense" value="demolish%2:36:01::"/>
        </fs>
    </a>
    <node xml:id="w-n30">
        <link targets="w-r30"/>
    </node>
    <a xml:id="a151" label="wordnet" ref="w-n30">
        <fs>
            <f name="annotator" value="adelpriore"/>
            <f name="round" value="round-1"/>
            <f name="part" value="cv"/>
            <f name="sense" value="demolish%2:36:00::"/>
        </fs>
    </a>
    <a xml:id="a152" label="wordnet" ref="w-n30">
        <fs>
            <f name="annotator" value="anfahmy"/>
            <f name="round" value="round-1"/>
            <f name="part" value="cv"/>
            <f name="sense" value="demolish%2:36:00::"/>
        </fs>
    </a>
    <a xml:id="a153" label="wordnet" ref="w-n30">
        <fs>
            <f name="annotator" value="sophiavv"/>
            <f name="round" value="round-1"/>
            <f name="part" value="cv"/>
            <f name="sense" value="demolish%2:36:00::"/>
        </fs>
    </a>
    <a xml:id="a154" label="wordnet" ref="w-n30">
        <fs>
            <f name="annotator" value="vebatchelder"/>
            <f name="round" value="round-1"/>
            <f name="part" value="cv"/>
            <f name="sense" value="demolish%2:36:00::"/>
        </fs>
    </a>
    <node xml:id="w-n31">
        <link targets="w-r31"/>
    </node>
    <a xml:id="a156" label="wordnet" ref="w-n31">
        <fs>
            <f name="annotator" value="adelpriore"/>
            <f name="round" value="round-1"/>
            <f name="part" value="cv"/>
            <f name="sense" value="demolish%2:36:00::"/>
        </fs>
    </a>
    <a xml:id="a157" label="wordnet" ref="w-n31">
        <fs>
            <f name="annotator" value="anfahmy"/>
            <f name="round" value="round-1"/>
            <f name="part" value="cv"/>
            <f name="sense" value="demolish%2:36:00::"/>
        </fs>
    </a>
    <a xml:id="a158" label="wordnet" ref="w-n31">
        <fs>
            <f name="annotator" value="sophiavv"/>
            <f name="round" value="round-1"/>
            <f name="part" value="cv"/>
            <f name="sense" value="demolish%2:36:00::"/>
        </fs>
    </a>
    <a xml:id="a159" label="wordnet" ref="w-n31">
        <fs>
            <f name="annotator" value="vebatchelder"/>
            <f name="round" value="round-1"/>
            <f name="part" value="cv"/>
            <f name="sense" value="demolish%2:36:00::"/>
        </fs>
    </a>
    <node xml:id="w-n32">
        <link targets="w-r32"/>
    </node>
    <a xml:id="a161" label="wordnet" ref="w-n32">
        <fs>
            <f name="annotator" value="adelpriore"/>
            <f name="round" value="round-1"/>
            <f name="part" value="cv"/>
            <f name="sense" value="demolish%2:36:00::"/>
        </fs>
    </a>
    <a xml:id="a162" label="wordnet" ref="w-n32">
        <fs>
            <f name="annotator" value="anfahmy"/>
            <f name="round" value="round-1"/>
            <f name="part" value="cv"/>
            <f name="sense" value="demolish%2:36:00::"/>
        </fs>
    </a>
    <a xml:id="a163" label="wordnet" ref="w-n32">
        <fs>
            <f name="annotator" value="sophiavv"/>
            <f name="round" value="round-1"/>
            <f name="part" value="cv"/>
            <f name="sense" value="demolish%2:36:00::"/>
        </fs>
    </a>
    <a xml:id="a164" label="wordnet" ref="w-n32">
        <fs>
            <f name="annotator" value="vebatchelder"/>
            <f name="round" value="round-1"/>
            <f name="part" value="cv"/>
            <f name="sense" value="demolish%2:36:00::"/>
        </fs>
    </a>
    <node xml:id="w-n33">
        <link targets="w-r33"/>
    </node>
    <a xml:id="a166" label="wordnet" ref="w-n33">
        <fs>
            <f name="annotator" value="adelpriore"/>
            <f name="round" value="round-1"/>
            <f name="part" value="cv"/>
            <f name="sense" value="demolish%2:36:00::"/>
        </fs>
    </a>
    <a xml:id="a167" label="wordnet" ref="w-n33">
        <fs>
            <f name="annotator" value="anfahmy"/>
            <f name="round" value="round-1"/>
            <f name="part" value="cv"/>
            <f name="sense" value="demolish%2:36:00::"/>
        </fs>
    </a>
    <a xml:id="a168" label="wordnet" ref="w-n33">
        <fs>
            <f name="annotator" value="sophiavv"/>
            <f name="round" value="round-1"/>
            <f name="part" value="cv"/>
            <f name="sense" value="demolish%2:36:00::"/>
        </fs>
    </a>
    <a xml:id="a169" label="wordnet" ref="w-n33">
        <fs>
            <f name="annotator" value="vebatchelder"/>
            <f name="round" value="round-1"/>
            <f name="part" value="cv"/>
            <f name="sense" value="demolish%2:36:00::"/>
        </fs>
    </a>
    <node xml:id="w-n34">
        <link targets="w-r34"/>
    </node>
    <a xml:id="a171" label="wordnet" ref="w-n34">
        <fs>
            <f name="annotator" value="adelpriore"/>
            <f name="round" value="round-1"/>
            <f name="part" value="cv"/>
            <f name="sense" value="demolish%2:36:00::"/>
        </fs>
    </a>
    <a xml:id="a172" label="wordnet" ref="w-n34">
        <fs>
            <f name="annotator" value="anfahmy"/>
            <f name="round" value="round-1"/>
            <f name="part" value="cv"/>
            <f name="sense" value="null"/>
        </fs>
    </a>
    <a xml:id="a173" label="wordnet" ref="w-n34">
        <fs>
            <f name="annotator" value="sophiavv"/>
            <f name="round" value="round-1"/>
            <f name="part" value="cv"/>
            <f name="sense" value="demolish%2:36:00::"/>
        </fs>
    </a>
    <a xml:id="a174" label="wordnet" ref="w-n34">
        <fs>
            <f name="annotator" value="vebatchelder"/>
            <f name="round" value="round-1"/>
            <f name="part" value="cv"/>
            <f name="sense" value="demolish%2:36:00::"/>
        </fs>
    </a>
    <node xml:id="w-n35">
        <link targets="w-r35"/>
    </node>
    <a xml:id="a176" label="wordnet" ref="w-n35">
        <fs>
            <f name="annotator" value="adelpriore"/>
            <f name="round" value="round-1"/>
            <f name="part" value="cv"/>
            <f name="sense" value="demolish%2:36:00::"/>
        </fs>
    </a>
    <a xml:id="a177" label="wordnet" ref="w-n35">
        <fs>
            <f name="annotator" value="anfahmy"/>
            <f name="round" value="round-1"/>
            <f name="part" value="cv"/>
            <f name="sense" value="demolish%2:36:00::"/>
        </fs>
    </a>
    <a xml:id="a178" label="wordnet" ref="w-n35">
        <fs>
            <f name="annotator" value="sophiavv"/>
            <f name="round" value="round-1"/>
            <f name="part" value="cv"/>
            <f name="sense" value="demolish%2:36:00::"/>
        </fs>
    </a>
    <a xml:id="a179" label="wordnet" ref="w-n35">
        <fs>
            <f name="annotator" value="vebatchelder"/>
            <f name="round" value="round-1"/>
            <f name="part" value="cv"/>
            <f name="sense" value="demolish%2:36:00::"/>
        </fs>
    </a>
    <node xml:id="w-n36">
        <link targets="w-r36"/>
    </node>
    <a xml:id="a181" label="wordnet" ref="w-n36">
        <fs>
            <f name="annotator" value="adelpriore"/>
            <f name="round" value="round-1"/>
            <f name="part" value="cv"/>
            <f name="sense" value="demolish%2:36:00::"/>
        </fs>
    </a>
    <a xml:id="a182" label="wordnet" ref="w-n36">
        <fs>
            <f name="annotator" value="anfahmy"/>
            <f name="round" value="round-1"/>
            <f name="part" value="cv"/>
            <f name="sense" value="demolish%2:36:00::"/>
        </fs>
    </a>
    <a xml:id="a183" label="wordnet" ref="w-n36">
        <fs>
            <f name="annotator" value="sophiavv"/>
            <f name="round" value="round-1"/>
            <f name="part" value="cv"/>
            <f name="sense" value="demolish%2:36:00::"/>
        </fs>
    </a>
    <a xml:id="a184" label="wordnet" ref="w-n36">
        <fs>
            <f name="annotator" value="vebatchelder"/>
            <f name="round" value="round-1"/>
            <f name="part" value="cv"/>
            <f name="sense" value="demolish%2:36:00::"/>
        </fs>
    </a>
    <node xml:id="w-n37">
        <link targets="w-r37"/>
    </node>
    <a xml:id="a186" label="wordnet" ref="w-n37">
        <fs>
            <f name="annotator" value="adelpriore"/>
            <f name="round" value="round-1"/>
            <f name="part" value="cv"/>
            <f name="sense" value="demolish%2:36:00::"/>
        </fs>
    </a>
    <a xml:id="a187" label="wordnet" ref="w-n37">
        <fs>
            <f name="annotator" value="anfahmy"/>
            <f name="round" value="round-1"/>
            <f name="part" value="cv"/>
            <f name="sense" value="demolish%2:36:00::"/>
        </fs>
    </a>
    <a xml:id="a188" label="wordnet" ref="w-n37">
        <fs>
            <f name="annotator" value="sophiavv"/>
            <f name="round" value="round-1"/>
            <f name="part" value="cv"/>
            <f name="sense" value="demolish%2:36:00::"/>
        </fs>
    </a>
    <a xml:id="a189" label="wordnet" ref="w-n37">
        <fs>
            <f name="annotator" value="vebatchelder"/>
            <f name="round" value="round-1"/>
            <f name="part" value="cv"/>
            <f name="sense" value="demolish%2:36:00::"/>
        </fs>
    </a>
    <node xml:id="w-n38">
        <link targets="w-r38"/>
    </node>
    <a xml:id="a191" label="wordnet" ref="w-n38">
        <fs>
            <f name="annotator" value="adelpriore"/>
            <f name="round" value="round-1"/>
            <f name="part" value="cv"/>
            <f name="sense" value="null"/>
        </fs>
    </a>
    <a xml:id="a192" label="wordnet" ref="w-n38">
        <fs>
            <f name="annotator" value="anfahmy"/>
            <f name="round" value="round-1"/>
            <f name="part" value="cv"/>
            <f name="sense" value="demolish%2:36:00::"/>
        </fs>
    </a>
    <a xml:id="a193" label="wordnet" ref="w-n38">
        <fs>
            <f name="annotator" value="sophiavv"/>
            <f name="round" value="round-1"/>
            <f name="part" value="cv"/>
            <f name="sense" value="demolish%2:36:00::"/>
        </fs>
    </a>
    <a xml:id="a194" label="wordnet" ref="w-n38">
        <fs>
            <f name="annotator" value="vebatchelder"/>
            <f name="round" value="round-1"/>
            <f name="part" value="cv"/>
            <f name="sense" value="demolish%2:36:00::"/>
        </fs>
    </a>
    <node xml:id="w-n39">
        <link targets="w-r39"/>
    </node>
    <a xml:id="a196" label="wordnet" ref="w-n39">
        <fs>
            <f name="annotator" value="adelpriore"/>
            <f name="round" value="round-1"/>
            <f name="part" value="cv"/>
            <f name="sense" value="demolish%2:36:00::"/>
        </fs>
    </a>
    <a xml:id="a197" label="wordnet" ref="w-n39">
        <fs>
            <f name="annotator" value="anfahmy"/>
            <f name="round" value="round-1"/>
            <f name="part" value="cv"/>
            <f name="sense" value="demolish%2:36:00::"/>
        </fs>
    </a>
    <a xml:id="a198" label="wordnet" ref="w-n39">
        <fs>
            <f name="annotator" value="sophiavv"/>
            <f name="round" value="round-1"/>
            <f name="part" value="cv"/>
            <f name="sense" value="demolish%2:36:00::"/>
        </fs>
    </a>
    <a xml:id="a199" label="wordnet" ref="w-n39">
        <fs>
            <f name="annotator" value="vebatchelder"/>
            <f name="round" value="round-1"/>
            <f name="part" value="cv"/>
            <f name="sense" value="demolish%2:36:00::"/>
        </fs>
    </a>
    <node xml:id="w-n4">
        <link targets="w-r4"/>
    </node>
    <a xml:id="a21" label="wordnet" ref="w-n4">
        <fs>
            <f name="annotator" value="adelpriore"/>
            <f name="round" value="round-1"/>
            <f name="part" value="cv"/>
            <f name="sense" value="demolish%2:36:01::"/>
        </fs>
    </a>
    <a xml:id="a22" label="wordnet" ref="w-n4">
        <fs>
            <f name="annotator" value="anfahmy"/>
            <f name="round" value="round-1"/>
            <f name="part" value="cv"/>
            <f name="sense" value="demolish%2:36:01::"/>
        </fs>
    </a>
    <a xml:id="a23" label="wordnet" ref="w-n4">
        <fs>
            <f name="annotator" value="sophiavv"/>
            <f name="round" value="round-1"/>
            <f name="part" value="cv"/>
            <f name="sense" value="demolish%2:36:01::"/>
        </fs>
    </a>
    <a xml:id="a24" label="wordnet" ref="w-n4">
        <fs>
            <f name="annotator" value="vebatchelder"/>
            <f name="round" value="round-1"/>
            <f name="part" value="cv"/>
            <f name="sense" value="demolish%2:36:01::"/>
        </fs>
    </a>
    <node xml:id="w-n40">
        <link targets="w-r40"/>
    </node>
    <a xml:id="a201" label="wordnet" ref="w-n40">
        <fs>
            <f name="annotator" value="adelpriore"/>
            <f name="round" value="round-1"/>
            <f name="part" value="cv"/>
            <f name="sense" value="demolish%2:36:00::"/>
        </fs>
    </a>
    <a xml:id="a202" label="wordnet" ref="w-n40">
        <fs>
            <f name="annotator" value="anfahmy"/>
            <f name="round" value="round-1"/>
            <f name="part" value="cv"/>
            <f name="sense" value="demolish%2:36:00::"/>
        </fs>
    </a>
    <a xml:id="a203" label="wordnet" ref="w-n40">
        <fs>
            <f name="annotator" value="sophiavv"/>
            <f name="round" value="round-1"/>
            <f name="part" value="cv"/>
            <f name="sense" value="demolish%2:36:00::"/>
        </fs>
    </a>
    <a xml:id="a204" label="wordnet" ref="w-n40">
        <fs>
            <f name="annotator" value="vebatchelder"/>
            <f name="round" value="round-1"/>
            <f name="part" value="cv"/>
            <f name="sense" value="demolish%2:36:00::"/>
        </fs>
    </a>
    <node xml:id="w-n41">
        <link targets="w-r41"/>
    </node>
    <a xml:id="a206" label="wordnet" ref="w-n41">
        <fs>
            <f name="annotator" value="adelpriore"/>
            <f name="round" value="round-1"/>
            <f name="part" value="cv"/>
            <f name="sense" value="demolish%2:36:00::"/>
        </fs>
    </a>
    <a xml:id="a207" label="wordnet" ref="w-n41">
        <fs>
            <f name="annotator" value="anfahmy"/>
            <f name="round" value="round-1"/>
            <f name="part" value="cv"/>
            <f name="sense" value="demolish%2:36:00::"/>
        </fs>
    </a>
    <a xml:id="a208" label="wordnet" ref="w-n41">
        <fs>
            <f name="annotator" value="sophiavv"/>
            <f name="round" value="round-1"/>
            <f name="part" value="cv"/>
            <f name="sense" value="demolish%2:36:00::"/>
        </fs>
    </a>
    <a xml:id="a209" label="wordnet" ref="w-n41">
        <fs>
            <f name="annotator" value="vebatchelder"/>
            <f name="round" value="round-1"/>
            <f name="part" value="cv"/>
            <f name="sense" value="demolish%2:36:00::"/>
        </fs>
    </a>
    <node xml:id="w-n42">
        <link targets="w-r42"/>
    </node>
    <a xml:id="a211" label="wordnet" ref="w-n42">
        <fs>
            <f name="annotator" value="adelpriore"/>
            <f name="round" value="round-1"/>
            <f name="part" value="cv"/>
            <f name="sense" value="demolish%2:36:00::"/>
        </fs>
    </a>
    <a xml:id="a212" label="wordnet" ref="w-n42">
        <fs>
            <f name="annotator" value="anfahmy"/>
            <f name="round" value="round-1"/>
            <f name="part" value="cv"/>
            <f name="sense" value="demolish%2:36:00::"/>
        </fs>
    </a>
    <a xml:id="a213" label="wordnet" ref="w-n42">
        <fs>
            <f name="annotator" value="sophiavv"/>
            <f name="round" value="round-1"/>
            <f name="part" value="cv"/>
            <f name="sense" value="demolish%2:36:00::"/>
        </fs>
    </a>
    <a xml:id="a214" label="wordnet" ref="w-n42">
        <fs>
            <f name="annotator" value="vebatchelder"/>
            <f name="round" value="round-1"/>
            <f name="part" value="cv"/>
            <f name="sense" value="demolish%2:36:00::"/>
        </fs>
    </a>
    <node xml:id="w-n43">
        <link targets="w-r43"/>
    </node>
    <a xml:id="a216" label="wordnet" ref="w-n43">
        <fs>
            <f name="annotator" value="adelpriore"/>
            <f name="round" value="round-1"/>
            <f name="part" value="cv"/>
            <f name="sense" value="demolish%2:36:00::"/>
        </fs>
    </a>
    <a xml:id="a217" label="wordnet" ref="w-n43">
        <fs>
            <f name="annotator" value="anfahmy"/>
            <f name="round" value="round-1"/>
            <f name="part" value="cv"/>
            <f name="sense" value="demolish%2:36:00::"/>
        </fs>
    </a>
    <a xml:id="a218" label="wordnet" ref="w-n43">
        <fs>
            <f name="annotator" value="sophiavv"/>
            <f name="round" value="round-1"/>
            <f name="part" value="cv"/>
            <f name="sense" value="demolish%2:36:00::"/>
        </fs>
    </a>
    <a xml:id="a219" label="wordnet" ref="w-n43">
        <fs>
            <f name="annotator" value="vebatchelder"/>
            <f name="round" value="round-1"/>
            <f name="part" value="cv"/>
            <f name="sense" value="demolish%2:36:00::"/>
        </fs>
    </a>
    <node xml:id="w-n44">
        <link targets="w-r44"/>
    </node>
    <a xml:id="a221" label="wordnet" ref="w-n44">
        <fs>
            <f name="annotator" value="adelpriore"/>
            <f name="round" value="round-1"/>
            <f name="part" value="cv"/>
            <f name="sense" value="demolish%2:36:00::"/>
        </fs>
    </a>
    <a xml:id="a222" label="wordnet" ref="w-n44">
        <fs>
            <f name="annotator" value="anfahmy"/>
            <f name="round" value="round-1"/>
            <f name="part" value="cv"/>
            <f name="sense" value="demolish%2:36:00::"/>
        </fs>
    </a>
    <a xml:id="a223" label="wordnet" ref="w-n44">
        <fs>
            <f name="annotator" value="sophiavv"/>
            <f name="round" value="round-1"/>
            <f name="part" value="cv"/>
            <f name="sense" value="demolish%2:36:00::"/>
        </fs>
    </a>
    <a xml:id="a224" label="wordnet" ref="w-n44">
        <fs>
            <f name="annotator" value="vebatchelder"/>
            <f name="round" value="round-1"/>
            <f name="part" value="cv"/>
            <f name="sense" value="demolish%2:36:00::"/>
        </fs>
    </a>
    <node xml:id="w-n45">
        <link targets="w-r45"/>
    </node>
    <a xml:id="a226" label="wordnet" ref="w-n45">
        <fs>
            <f name="annotator" value="adelpriore"/>
            <f name="round" value="round-1"/>
            <f name="part" value="cv"/>
            <f name="sense" value="demolish%2:36:00::"/>
        </fs>
    </a>
    <a xml:id="a227" label="wordnet" ref="w-n45">
        <fs>
            <f name="annotator" value="anfahmy"/>
            <f name="round" value="round-1"/>
            <f name="part" value="cv"/>
            <f name="sense" value="demolish%2:36:00::"/>
        </fs>
    </a>
    <a xml:id="a228" label="wordnet" ref="w-n45">
        <fs>
            <f name="annotator" value="sophiavv"/>
            <f name="round" value="round-1"/>
            <f name="part" value="cv"/>
            <f name="sense" value="demolish%2:36:00::"/>
        </fs>
    </a>
    <a xml:id="a229" label="wordnet" ref="w-n45">
        <fs>
            <f name="annotator" value="vebatchelder"/>
            <f name="round" value="round-1"/>
            <f name="part" value="cv"/>
            <f name="sense" value="demolish%2:36:00::"/>
        </fs>
    </a>
    <node xml:id="w-n46">
        <link targets="w-r46"/>
    </node>
    <a xml:id="a231" label="wordnet" ref="w-n46">
        <fs>
            <f name="annotator" value="adelpriore"/>
            <f name="round" value="round-1"/>
            <f name="part" value="cv"/>
            <f name="sense" value="demolish%2:36:00::"/>
        </fs>
    </a>
    <a xml:id="a232" label="wordnet" ref="w-n46">
        <fs>
            <f name="annotator" value="anfahmy"/>
            <f name="round" value="round-1"/>
            <f name="part" value="cv"/>
            <f name="sense" value="demolish%2:36:00::"/>
        </fs>
    </a>
    <a xml:id="a233" label="wordnet" ref="w-n46">
        <fs>
            <f name="annotator" value="sophiavv"/>
            <f name="round" value="round-1"/>
            <f name="part" value="cv"/>
            <f name="sense" value="demolish%2:36:00::"/>
        </fs>
    </a>
    <a xml:id="a234" label="wordnet" ref="w-n46">
        <fs>
            <f name="annotator" value="vebatchelder"/>
            <f name="round" value="round-1"/>
            <f name="part" value="cv"/>
            <f name="sense" value="demolish%2:36:00::"/>
        </fs>
    </a>
    <node xml:id="w-n47">
        <link targets="w-r47"/>
    </node>
    <a xml:id="a236" label="wordnet" ref="w-n47">
        <fs>
            <f name="annotator" value="adelpriore"/>
            <f name="round" value="round-1"/>
            <f name="part" value="cv"/>
            <f name="sense" value="demolish%2:36:00::"/>
        </fs>
    </a>
    <a xml:id="a237" label="wordnet" ref="w-n47">
        <fs>
            <f name="annotator" value="anfahmy"/>
            <f name="round" value="round-1"/>
            <f name="part" value="cv"/>
            <f name="sense" value="demolish%2:36:00::"/>
        </fs>
    </a>
    <a xml:id="a238" label="wordnet" ref="w-n47">
        <fs>
            <f name="annotator" value="sophiavv"/>
            <f name="round" value="round-1"/>
            <f name="part" value="cv"/>
            <f name="sense" value="demolish%2:36:00::"/>
        </fs>
    </a>
    <a xml:id="a239" label="wordnet" ref="w-n47">
        <fs>
            <f name="annotator" value="vebatchelder"/>
            <f name="round" value="round-1"/>
            <f name="part" value="cv"/>
            <f name="sense" value="demolish%2:36:00::"/>
        </fs>
    </a>
    <node xml:id="w-n48">
        <link targets="w-r48"/>
    </node>
    <a xml:id="a241" label="wordnet" ref="w-n48">
        <fs>
            <f name="annotator" value="adelpriore"/>
            <f name="round" value="round-1"/>
            <f name="part" value="cv"/>
            <f name="sense" value="demolish%2:36:00::"/>
        </fs>
    </a>
    <a xml:id="a242" label="wordnet" ref="w-n48">
        <fs>
            <f name="annotator" value="anfahmy"/>
            <f name="round" value="round-1"/>
            <f name="part" value="cv"/>
            <f name="sense" value="demolish%2:36:00::"/>
        </fs>
    </a>
    <a xml:id="a243" label="wordnet" ref="w-n48">
        <fs>
            <f name="annotator" value="sophiavv"/>
            <f name="round" value="round-1"/>
            <f name="part" value="cv"/>
            <f name="sense" value="demolish%2:36:00::"/>
        </fs>
    </a>
    <a xml:id="a244" label="wordnet" ref="w-n48">
        <fs>
            <f name="annotator" value="vebatchelder"/>
            <f name="round" value="round-1"/>
            <f name="part" value="cv"/>
            <f name="sense" value="demolish%2:36:00::"/>
        </fs>
    </a>
    <node xml:id="w-n49">
        <link targets="w-r49"/>
    </node>
    <a xml:id="a246" label="wordnet" ref="w-n49">
        <fs>
            <f name="annotator" value="adelpriore"/>
            <f name="round" value="round-1"/>
            <f name="part" value="cv"/>
            <f name="sense" value="demolish%2:36:00::"/>
        </fs>
    </a>
    <a xml:id="a247" label="wordnet" ref="w-n49">
        <fs>
            <f name="annotator" value="anfahmy"/>
            <f name="round" value="round-1"/>
            <f name="part" value="cv"/>
            <f name="sense" value="demolish%2:36:00::"/>
        </fs>
    </a>
    <a xml:id="a248" label="wordnet" ref="w-n49">
        <fs>
            <f name="annotator" value="sophiavv"/>
            <f name="round" value="round-1"/>
            <f name="part" value="cv"/>
            <f name="sense" value="demolish%2:36:00::"/>
        </fs>
    </a>
    <a xml:id="a249" label="wordnet" ref="w-n49">
        <fs>
            <f name="annotator" value="vebatchelder"/>
            <f name="round" value="round-1"/>
            <f name="part" value="cv"/>
            <f name="sense" value="demolish%2:36:00::"/>
        </fs>
    </a>
    <node xml:id="w-n5">
        <link targets="w-r5"/>
    </node>
    <a xml:id="a26" label="wordnet" ref="w-n5">
        <fs>
            <f name="annotator" value="adelpriore"/>
            <f name="round" value="round-1"/>
            <f name="part" value="cv"/>
            <f name="sense" value="demolish%2:36:01::"/>
        </fs>
    </a>
    <a xml:id="a27" label="wordnet" ref="w-n5">
        <fs>
            <f name="annotator" value="anfahmy"/>
            <f name="round" value="round-1"/>
            <f name="part" value="cv"/>
            <f name="sense" value="demolish%2:36:01::"/>
        </fs>
    </a>
    <a xml:id="a28" label="wordnet" ref="w-n5">
        <fs>
            <f name="annotator" value="sophiavv"/>
            <f name="round" value="round-1"/>
            <f name="part" value="cv"/>
            <f name="sense" value="demolish%2:36:01::"/>
        </fs>
    </a>
    <a xml:id="a29" label="wordnet" ref="w-n5">
        <fs>
            <f name="annotator" value="vebatchelder"/>
            <f name="round" value="round-1"/>
            <f name="part" value="cv"/>
            <f name="sense" value="demolish%2:36:01::"/>
        </fs>
    </a>
    <node xml:id="w-n50">
        <link targets="w-r50"/>
    </node>
    <a xml:id="a251" label="wordnet" ref="w-n50">
        <fs>
            <f name="annotator" value="adelpriore"/>
            <f name="round" value="round-1"/>
            <f name="part" value="cv"/>
            <f name="sense" value="demolish%2:36:00::"/>
        </fs>
    </a>
    <a xml:id="a252" label="wordnet" ref="w-n50">
        <fs>
            <f name="annotator" value="anfahmy"/>
            <f name="round" value="round-1"/>
            <f name="part" value="cv"/>
            <f name="sense" value="demolish%2:36:00::"/>
        </fs>
    </a>
    <a xml:id="a253" label="wordnet" ref="w-n50">
        <fs>
            <f name="annotator" value="sophiavv"/>
            <f name="round" value="round-1"/>
            <f name="part" value="cv"/>
            <f name="sense" value="demolish%2:36:00::"/>
        </fs>
    </a>
    <a xml:id="a254" label="wordnet" ref="w-n50">
        <fs>
            <f name="annotator" value="vebatchelder"/>
            <f name="round" value="round-1"/>
            <f name="part" value="cv"/>
            <f name="sense" value="demolish%2:36:00::"/>
        </fs>
    </a>
    <node xml:id="w-n51">
        <link targets="w-r51"/>
    </node>
    <a xml:id="a256" label="wordnet" ref="w-n51">
        <fs>
            <f name="annotator" value="adelpriore"/>
            <f name="round" value="round-1"/>
            <f name="part" value="cv"/>
            <f name="sense" value="demolish%2:36:00::"/>
        </fs>
    </a>
    <a xml:id="a257" label="wordnet" ref="w-n51">
        <fs>
            <f name="annotator" value="anfahmy"/>
            <f name="round" value="round-1"/>
            <f name="part" value="cv"/>
            <f name="sense" value="demolish%2:36:00::"/>
        </fs>
    </a>
    <a xml:id="a258" label="wordnet" ref="w-n51">
        <fs>
            <f name="annotator" value="sophiavv"/>
            <f name="round" value="round-1"/>
            <f name="part" value="cv"/>
            <f name="sense" value="demolish%2:36:00::"/>
        </fs>
    </a>
    <a xml:id="a259" label="wordnet" ref="w-n51">
        <fs>
            <f name="annotator" value="vebatchelder"/>
            <f name="round" value="round-1"/>
            <f name="part" value="cv"/>
            <f name="sense" value="demolish%2:36:00::"/>
        </fs>
    </a>
    <node xml:id="w-n52">
        <link targets="w-r52"/>
    </node>
    <a xml:id="a261" label="wordnet" ref="w-n52">
        <fs>
            <f name="annotator" value="adelpriore"/>
            <f name="round" value="round-1"/>
            <f name="part" value="cv"/>
            <f name="sense" value="demolish%2:36:00::"/>
        </fs>
    </a>
    <a xml:id="a262" label="wordnet" ref="w-n52">
        <fs>
            <f name="annotator" value="anfahmy"/>
            <f name="round" value="round-1"/>
            <f name="part" value="cv"/>
            <f name="sense" value="demolish%2:36:00::"/>
        </fs>
    </a>
    <a xml:id="a263" label="wordnet" ref="w-n52">
        <fs>
            <f name="annotator" value="sophiavv"/>
            <f name="round" value="round-1"/>
            <f name="part" value="cv"/>
            <f name="sense" value="demolish%2:36:00::"/>
        </fs>
    </a>
    <a xml:id="a264" label="wordnet" ref="w-n52">
        <fs>
            <f name="annotator" value="vebatchelder"/>
            <f name="round" value="round-1"/>
            <f name="part" value="cv"/>
            <f name="sense" value="demolish%2:36:00::"/>
        </fs>
    </a>
    <node xml:id="w-n53">
        <link targets="w-r53"/>
    </node>
    <a xml:id="a266" label="wordnet" ref="w-n53">
        <fs>
            <f name="annotator" value="adelpriore"/>
            <f name="round" value="round-1"/>
            <f name="part" value="cv"/>
            <f name="sense" value="demolish%2:36:00::"/>
        </fs>
    </a>
    <a xml:id="a267" label="wordnet" ref="w-n53">
        <fs>
            <f name="annotator" value="anfahmy"/>
            <f name="round" value="round-1"/>
            <f name="part" value="cv"/>
            <f name="sense" value="demolish%2:36:00::"/>
        </fs>
    </a>
    <a xml:id="a268" label="wordnet" ref="w-n53">
        <fs>
            <f name="annotator" value="sophiavv"/>
            <f name="round" value="round-1"/>
            <f name="part" value="cv"/>
            <f name="sense" value="demolish%2:36:00::"/>
        </fs>
    </a>
    <a xml:id="a269" label="wordnet" ref="w-n53">
        <fs>
            <f name="annotator" value="vebatchelder"/>
            <f name="round" value="round-1"/>
            <f name="part" value="cv"/>
            <f name="sense" value="demolish%2:36:00::"/>
        </fs>
    </a>
    <node xml:id="w-n54">
        <link targets="w-r54"/>
    </node>
    <a xml:id="a271" label="wordnet" ref="w-n54">
        <fs>
            <f name="annotator" value="anfahmy"/>
            <f name="round" value="round-1"/>
            <f name="part" value="masc-instances"/>
            <f name="sense" value="demolish%2:36:00::"/>
        </fs>
    </a>
    <node xml:id="w-n55">
        <link targets="w-r55"/>
    </node>
    <a xml:id="a273" label="wordnet" ref="w-n55">
        <fs>
            <f name="annotator" value="anfahmy"/>
            <f name="round" value="round-1"/>
            <f name="part" value="masc-instances"/>
            <f name="sense" value="demolish%2:36:00::"/>
        </fs>
    </a>
    <node xml:id="w-n56">
        <link targets="w-r56"/>
    </node>
    <a xml:id="a275" label="wordnet" ref="w-n56">
        <fs>
            <f name="annotator" value="anfahmy"/>
            <f name="round" value="round-1"/>
            <f name="part" value="masc-instances"/>
            <f name="sense" value="demolish%2:36:00::"/>
        </fs>
    </a>
    <node xml:id="w-n6">
        <link targets="w-r6"/>
    </node>
    <a xml:id="a31" label="wordnet" ref="w-n6">
        <fs>
            <f name="annotator" value="adelpriore"/>
            <f name="round" value="round-1"/>
            <f name="part" value="cv"/>
            <f name="sense" value="demolish%2:36:01::"/>
        </fs>
    </a>
    <a xml:id="a32" label="wordnet" ref="w-n6">
        <fs>
            <f name="annotator" value="anfahmy"/>
            <f name="round" value="round-1"/>
            <f name="part" value="cv"/>
            <f name="sense" value="demolish%2:36:01::"/>
        </fs>
    </a>
    <a xml:id="a33" label="wordnet" ref="w-n6">
        <fs>
            <f name="annotator" value="sophiavv"/>
            <f name="round" value="round-1"/>
            <f name="part" value="cv"/>
            <f name="sense" value="demolish%2:36:01::"/>
        </fs>
    </a>
    <a xml:id="a34" label="wordnet" ref="w-n6">
        <fs>
            <f name="annotator" value="vebatchelder"/>
            <f name="round" value="round-1"/>
            <f name="part" value="cv"/>
            <f name="sense" value="demolish%2:36:01::"/>
        </fs>
    </a>
    <node xml:id="w-n7">
        <link targets="w-r7"/>
    </node>
    <a xml:id="a36" label="wordnet" ref="w-n7">
        <fs>
            <f name="annotator" value="adelpriore"/>
            <f name="round" value="round-1"/>
            <f name="part" value="cv"/>
            <f name="sense" value="demolish%2:36:00::"/>
        </fs>
    </a>
    <a xml:id="a37" label="wordnet" ref="w-n7">
        <fs>
            <f name="annotator" value="anfahmy"/>
            <f name="round" value="round-1"/>
            <f name="part" value="cv"/>
            <f name="sense" value="demolish%2:36:00::"/>
        </fs>
    </a>
    <a xml:id="a38" label="wordnet" ref="w-n7">
        <fs>
            <f name="annotator" value="sophiavv"/>
            <f name="round" value="round-1"/>
            <f name="part" value="cv"/>
            <f name="sense" value="demolish%2:36:00::"/>
        </fs>
    </a>
    <a xml:id="a39" label="wordnet" ref="w-n7">
        <fs>
            <f name="annotator" value="vebatchelder"/>
            <f name="round" value="round-1"/>
            <f name="part" value="cv"/>
            <f name="sense" value="demolish%2:36:00::"/>
        </fs>
    </a>
    <node xml:id="w-n8">
        <link targets="w-r8"/>
    </node>
    <a xml:id="a41" label="wordnet" ref="w-n8">
        <fs>
            <f name="annotator" value="adelpriore"/>
            <f name="round" value="round-1"/>
            <f name="part" value="cv"/>
            <f name="sense" value="demolish%2:36:00::"/>
        </fs>
    </a>
    <a xml:id="a42" label="wordnet" ref="w-n8">
        <fs>
            <f name="annotator" value="anfahmy"/>
            <f name="round" value="round-1"/>
            <f name="part" value="cv"/>
            <f name="sense" value="demolish%2:36:00::"/>
        </fs>
    </a>
    <a xml:id="a43" label="wordnet" ref="w-n8">
        <fs>
            <f name="annotator" value="sophiavv"/>
            <f name="round" value="round-1"/>
            <f name="part" value="cv"/>
            <f name="sense" value="demolish%2:36:00::"/>
        </fs>
    </a>
    <a xml:id="a44" label="wordnet" ref="w-n8">
        <fs>
            <f name="annotator" value="vebatchelder"/>
            <f name="round" value="round-1"/>
            <f name="part" value="cv"/>
            <f name="sense" value="demolish%2:36:00::"/>
        </fs>
    </a>
    <node xml:id="w-n9">
        <link targets="w-r9"/>
    </node>
    <a xml:id="a46" label="wordnet" ref="w-n9">
        <fs>
            <f name="annotator" value="adelpriore"/>
            <f name="round" value="round-1"/>
            <f name="part" value="cv"/>
            <f name="sense" value="demolish%2:36:01::"/>
        </fs>
    </a>
    <a xml:id="a47" label="wordnet" ref="w-n9">
        <fs>
            <f name="annotator" value="anfahmy"/>
            <f name="round" value="round-1"/>
            <f name="part" value="cv"/>
            <f name="sense" value="demolish%2:36:01::"/>
        </fs>
    </a>
    <a xml:id="a48" label="wordnet" ref="w-n9">
        <fs>
            <f name="annotator" value="sophiavv"/>
            <f name="round" value="round-1"/>
            <f name="part" value="cv"/>
            <f name="sense" value="demolish%2:33:00::"/>
        </fs>
    </a>
    <a xml:id="a49" label="wordnet" ref="w-n9">
        <fs>
            <f name="annotator" value="vebatchelder"/>
            <f name="round" value="round-1"/>
            <f name="part" value="cv"/>
            <f name="sense" value="demolish%2:36:01::"/>
        </fs>
    </a>
</graph>
